USE myproject_2 ;
INSERT INTO `bus_id` (`BUS_ID`, `SERVICE_PROVIDER`) VALUES ('1000', 'ZINGBUS BASIC');
INSERT INTO `bus_id` (`BUS_ID`, `SERVICE_PROVIDER`) VALUES ('1001', 'LAXMI HOLIDAYS');
INSERT INTO `bus_id` (`BUS_ID`, `SERVICE_PROVIDER`) VALUES ('1002', 'ZINGBUS');
INSERT INTO `bus_id` (`BUS_ID`, `SERVICE_PROVIDER`) VALUES ('1003', 'INTRCITY SMARTBUS');
INSERT INTO `bus_id` (`BUS_ID`, `SERVICE_PROVIDER`) VALUES ('2000', 'SEABIRD TOURIST');
INSERT INTO `bus_id` (`BUS_ID`, `SERVICE_PROVIDER`) VALUES ('2001', 'NATIONAL TRAVELS');
INSERT INTO `bus_id` (`BUS_ID`, `SERVICE_PROVIDER`) VALUES ('2002', 'GREEN LINE TRAVELS');
INSERT INTO `bus_id` (`BUS_ID`, `SERVICE_PROVIDER`) VALUES ('2003', 'ORANGE TOURS AND TRAVELS');
INSERT INTO `bus_id` (`BUS_ID`, `SERVICE_PROVIDER`) VALUES ('3000', 'VRL TRAVELS');
INSERT INTO `bus_id` (`BUS_ID`, `SERVICE_PROVIDER`) VALUES ('3001', 'NEETA TRAVELS');
INSERT INTO `bus_id` (`BUS_ID`, `SERVICE_PROVIDER`) VALUES ('3002', 'PRASANNA PURPLE');
INSERT INTO `bus_id` (`BUS_ID`, `SERVICE_PROVIDER`) VALUES ('3003', 'SANJAY TRAVELS');



 
INSERT INTO `bus_ratings` (`BUS_ID`, `SERVICE_PROVIDER`, `SEAT_TYPE`, `RATING`) VALUES ('1000', 'ZINGBUS BASIC', 'SLEEPER', '4.6');
INSERT INTO `bus_ratings` (`BUS_ID`, `SERVICE_PROVIDER`, `SEAT_TYPE`, `RATING`) VALUES ('1001', 'LAXMI HOLIDAYS', 'SLEEPER', '4.4');
INSERT INTO `bus_ratings` (`BUS_ID`, `SERVICE_PROVIDER`, `SEAT_TYPE`, `RATING`) VALUES ('1002', 'ZINGBUS', 'SLEEPER', '4.4');
INSERT INTO `bus_ratings` (`BUS_ID`, `SERVICE_PROVIDER`, `SEAT_TYPE`, `RATING`) VALUES ('1002', 'ZINGBUS', 'SEATER', '4.4');
INSERT INTO `bus_ratings` (`BUS_ID`, `SERVICE_PROVIDER`, `SEAT_TYPE`, `RATING`) VALUES ('1003', 'INTRCITY SMARTBUS', 'SLEEPER', '4.3');
INSERT INTO `bus_ratings` (`BUS_ID`, `SERVICE_PROVIDER`, `SEAT_TYPE`, `RATING`) VALUES ('1003', 'INTRCITY SMARTBUS', 'SEATER', '4.2');
INSERT INTO `bus_ratings` (`BUS_ID`, `SERVICE_PROVIDER`, `SEAT_TYPE`, `RATING`) VALUES ('1000', 'ZINGBUS BASIC', 'SEATER', '4.2');
INSERT INTO `bus_ratings` (`BUS_ID`, `SERVICE_PROVIDER`, `SEAT_TYPE`, `RATING`) VALUES ('1003', 'INTRCITY SMARTBUS', 'SLEEPER', '4.2');
INSERT INTO `bus_ratings` (`BUS_ID`, `SERVICE_PROVIDER`, `SEAT_TYPE`, `RATING`) VALUES ('1003', 'INTRCITY SMARTBUS', 'SEATER', '4.1');
INSERT INTO `bus_ratings` (`BUS_ID`, `SERVICE_PROVIDER`, `SEAT_TYPE`, `RATING`) VALUES ('1002', 'ZINGBUS', 'SEATER', '4');
INSERT INTO `bus_ratings` (`BUS_ID`, `SERVICE_PROVIDER`, `SEAT_TYPE`, `RATING`) VALUES ('1003', 'INTRCITY SMARTBUS', 'SEATER', '4.3');
INSERT INTO `bus_ratings` (`BUS_ID`, `SERVICE_PROVIDER`, `SEAT_TYPE`, `RATING`) VALUES ('2000', 'SEABIRD TOURIST', 'SEATER', '3.9');
INSERT INTO `bus_ratings` (`BUS_ID`, `SERVICE_PROVIDER`, `SEAT_TYPE`, `RATING`) VALUES ('2001', 'NATIONAL TRAVELS', 'SEATER', '3.8');
INSERT INTO `bus_ratings` (`BUS_ID`, `SERVICE_PROVIDER`, `SEAT_TYPE`, `RATING`) VALUES ('2002', 'GREEN LINE TRAVELS', 'SEATER', '3.9');
INSERT INTO `bus_ratings` (`BUS_ID`, `SERVICE_PROVIDER`, `SEAT_TYPE`, `RATING`) VALUES ('2003', 'ORANGE TOURS AND TRAVELS', 'SLEEPER', '3.7');
INSERT INTO `bus_ratings` (`BUS_ID`, `SERVICE_PROVIDER`, `SEAT_TYPE`, `RATING`) VALUES ('2001', 'NATIONAL TRAVELS', 'SLEEPER', '3.8');
INSERT INTO `bus_ratings` (`BUS_ID`, `SERVICE_PROVIDER`, `SEAT_TYPE`, `RATING`) VALUES ('2003', 'ORANGE TOURS AND TRAVELS', 'SLEEPER', '3.6');
INSERT INTO `bus_ratings` (`BUS_ID`, `SERVICE_PROVIDER`, `SEAT_TYPE`, `RATING`) VALUES ('2002', 'GREEN LINE TRAVELS', 'SLEEPER', '4.1');
INSERT INTO `bus_ratings` (`BUS_ID`, `SERVICE_PROVIDER`, `SEAT_TYPE`, `RATING`) VALUES ('2001', 'NATIONAL TRAVELS', 'SEATER', '4.3');
INSERT INTO `bus_ratings` (`BUS_ID`, `SERVICE_PROVIDER`, `SEAT_TYPE`, `RATING`) VALUES ('2003', 'ORANGE TOURS AND TRAVELS', 'SEATER', '3.8');
INSERT INTO `bus_ratings` (`BUS_ID`, `SERVICE_PROVIDER`, `SEAT_TYPE`, `RATING`) VALUES ('2001', 'NATIONAL TRAVELS', 'SEATER', '3.4');
INSERT INTO `bus_ratings` (`BUS_ID`, `SERVICE_PROVIDER`, `SEAT_TYPE`, `RATING`) VALUES ('2003', 'ORANGE TOURS AND TRAVELS', 'SLEEPER', '3.4');
INSERT INTO `bus_ratings` (`BUS_ID`, `SERVICE_PROVIDER`, `SEAT_TYPE`, `RATING`) VALUES ('2001', 'NATIONAL TRAVELS', 'SLEEPER', '3.6');
INSERT INTO `bus_ratings` (`BUS_ID`, `SERVICE_PROVIDER`, `SEAT_TYPE`, `RATING`) VALUES ('3000', 'VRL TRAVELS', 'SEATER', '4.7');
INSERT INTO `bus_ratings` (`BUS_ID`, `SERVICE_PROVIDER`, `SEAT_TYPE`, `RATING`) VALUES ('1003', 'INTRCITY SMARTBUS', 'SLEEPER', '4.7');
INSERT INTO `bus_ratings` (`BUS_ID`, `SERVICE_PROVIDER`, `SEAT_TYPE`, `RATING`) VALUES ('3001', 'NEETA TRAVELS', 'SEATER', '4');
INSERT INTO `bus_ratings` (`BUS_ID`, `SERVICE_PROVIDER`, `SEAT_TYPE`, `RATING`) VALUES ('3002', 'PRASANNA PURPLE', 'SLEEPER', '3.6');
INSERT INTO `bus_ratings` (`BUS_ID`, `SERVICE_PROVIDER`, `SEAT_TYPE`, `RATING`) VALUES ('3003', 'SANJAY TRAVELS', 'SLEEPER', '4.9');
INSERT INTO `bus_ratings` (`BUS_ID`, `SERVICE_PROVIDER`, `SEAT_TYPE`, `RATING`) VALUES ('3002', 'PRASANNA PURPLE', 'SLEEPER', '3.8');
INSERT INTO `bus_ratings` (`BUS_ID`, `SERVICE_PROVIDER`, `SEAT_TYPE`, `RATING`) VALUES ('3000', 'VRL TRAVELS', 'SLEEPER', '3.7');
INSERT INTO `bus_ratings` (`BUS_ID`, `SERVICE_PROVIDER`, `SEAT_TYPE`, `RATING`) VALUES ('1003', 'INTRCITY SMARTBUS', 'SLEEPER', '2.8');
INSERT INTO `bus_ratings` (`BUS_ID`, `SERVICE_PROVIDER`, `SEAT_TYPE`, `RATING`) VALUES ('3003', 'SANJAY TRAVELS', 'SLEEPER', '3.2');
INSERT INTO `bus_ratings` (`BUS_ID`, `SERVICE_PROVIDER`, `SEAT_TYPE`, `RATING`) VALUES ('3001', 'NEETA TRAVELS', 'SEATER', '4.7');
INSERT INTO `bus_ratings` (`BUS_ID`, `SERVICE_PROVIDER`, `SEAT_TYPE`, `RATING`) VALUES ('3002', 'PRASANNA PURPLE', 'SEATER', '3.6');
INSERT INTO `bus_ratings` (`BUS_ID`, `SERVICE_PROVIDER`, `SEAT_TYPE`, `RATING`) VALUES ('3000', 'VRL TRAVELS', 'SLEEPER', '4.2');
INSERT INTO `bus_ratings` (`BUS_ID`, `SERVICE_PROVIDER`, `SEAT_TYPE`, `RATING`) VALUES ('3002', 'PRASANNA PURPLE', 'SLEEPER', '3.1');
INSERT INTO `bus_ratings` (`BUS_ID`, `SERVICE_PROVIDER`, `SEAT_TYPE`, `RATING`) VALUES ('1003', 'INTRCITY SMARTBUS', 'SLEEPER', '4.1');



INSERT INTO `bus_arvl_time` (`BUS_ID`, `SERVICE_PROVIDER`, `BUS_DOWN_STATION`, `ARVL_TIME`) VALUES ('1000', 'ZINGBUS BASIC', 'NEW DELHI', '6:25:00');
INSERT INTO `bus_arvl_time` (`BUS_ID`, `SERVICE_PROVIDER`, `BUS_DOWN_STATION`, `ARVL_TIME`) VALUES ('1001', 'LAXMI HOLIDAYS', 'NEW DELHI', '5:30:00');
INSERT INTO `bus_arvl_time` (`BUS_ID`, `SERVICE_PROVIDER`, `BUS_DOWN_STATION`, `ARVL_TIME`) VALUES ('1002', 'ZINGBUS', 'NEW DELHI', '5:00:00');
INSERT INTO `bus_arvl_time` (`BUS_ID`, `SERVICE_PROVIDER`, `BUS_DOWN_STATION`, `ARVL_TIME`) VALUES ('1002', 'ZINGBUS', 'NEW DELHI', '5:45:00');
INSERT INTO `bus_arvl_time` (`BUS_ID`, `SERVICE_PROVIDER`, `BUS_DOWN_STATION`, `ARVL_TIME`) VALUES ('1002', 'ZINGBUS', 'NEW DELHI', '5:50:00');
INSERT INTO `bus_arvl_time` (`BUS_ID`, `SERVICE_PROVIDER`, `BUS_DOWN_STATION`, `ARVL_TIME`) VALUES ('1002', 'ZINGBUS', 'NEW DELHI', '19:40:00');
INSERT INTO `bus_arvl_time` (`BUS_ID`, `SERVICE_PROVIDER`, `BUS_DOWN_STATION`, `ARVL_TIME`) VALUES ('1003', 'INTRCITY SMARTBUS', 'NEW DELHI', '6:20:00');
INSERT INTO `bus_arvl_time` (`BUS_ID`, `SERVICE_PROVIDER`, `BUS_DOWN_STATION`, `ARVL_TIME`) VALUES ('1003', 'INTRCITY SMARTBUS', 'NEW DELHI', '4:55:00');
INSERT INTO `bus_arvl_time` (`BUS_ID`, `SERVICE_PROVIDER`, `BUS_DOWN_STATION`, `ARVL_TIME`) VALUES ('1000', 'ZINGBUS BASIC', 'NEW DELHI', '8:35:00');
INSERT INTO `bus_arvl_time` (`BUS_ID`, `SERVICE_PROVIDER`, `BUS_DOWN_STATION`, `ARVL_TIME`) VALUES ('1003', 'INTRCITY SMARTBUS', 'NEW DELHI', '5:50:00');
INSERT INTO `bus_arvl_time` (`BUS_ID`, `SERVICE_PROVIDER`, `BUS_DOWN_STATION`, `ARVL_TIME`) VALUES ('2000', 'SEABIRD TOURIST', 'BENGALURU', '22:35:00');
INSERT INTO `bus_arvl_time` (`BUS_ID`, `SERVICE_PROVIDER`, `BUS_DOWN_STATION`, `ARVL_TIME`) VALUES ('2001', 'NATIONAL TRAVELS', 'BENGALURU', '21:00:00');
INSERT INTO `bus_arvl_time` (`BUS_ID`, `SERVICE_PROVIDER`, `BUS_DOWN_STATION`, `ARVL_TIME`) VALUES ('2002', 'GREEN LINE TRAVELS', 'BENGALURU', '16:00:00');
INSERT INTO `bus_arvl_time` (`BUS_ID`, `SERVICE_PROVIDER`, `BUS_DOWN_STATION`, `ARVL_TIME`) VALUES ('1003', 'INTRCITY SMARTBUS', 'HYDERABAD', '6:20:00');
INSERT INTO `bus_arvl_time` (`BUS_ID`, `SERVICE_PROVIDER`, `BUS_DOWN_STATION`, `ARVL_TIME`) VALUES ('2003', 'ORANGE TOURS AND TRAVELS', 'HYDERABAD', '9:00:00');
INSERT INTO `bus_arvl_time` (`BUS_ID`, `SERVICE_PROVIDER`, `BUS_DOWN_STATION`, `ARVL_TIME`) VALUES ('1003', 'INTRCITY SMARTBUS', 'PURI', '5:55:00');
INSERT INTO `bus_arvl_time` (`BUS_ID`, `SERVICE_PROVIDER`, `BUS_DOWN_STATION`, `ARVL_TIME`) VALUES ('2001', 'NATIONAL TRAVELS', 'PURI', '6:45');
INSERT INTO `bus_arvl_time` (`BUS_ID`, `SERVICE_PROVIDER`, `BUS_DOWN_STATION`, `ARVL_TIME`) VALUES ('2003', 'ORANGE TOURS AND TRAVELS', 'PURI', '4:30');
INSERT INTO `bus_arvl_time` (`BUS_ID`, `SERVICE_PROVIDER`, `BUS_DOWN_STATION`, `ARVL_TIME`) VALUES ('2002', 'GREEN LINE TRAVELS', 'CHENNAI', '3:00');
INSERT INTO `bus_arvl_time` (`BUS_ID`, `SERVICE_PROVIDER`, `BUS_DOWN_STATION`, `ARVL_TIME`) VALUES ('2001', 'NATIONAL TRAVELS', 'CHENNAI', '21:00');
INSERT INTO `bus_arvl_time` (`BUS_ID`, `SERVICE_PROVIDER`, `BUS_DOWN_STATION`, `ARVL_TIME`) VALUES ('1003', 'INTRCITY SMARTBUS', 'HYDERABAD', '6:30');
INSERT INTO `bus_arvl_time` (`BUS_ID`, `SERVICE_PROVIDER`, `BUS_DOWN_STATION`, `ARVL_TIME`) VALUES ('2003', 'ORANGE TOURS AND TRAVELS', 'HYDERABAD', '7:30');
INSERT INTO `bus_arvl_time` (`BUS_ID`, `SERVICE_PROVIDER`, `BUS_DOWN_STATION`, `ARVL_TIME`) VALUES ('2001', 'NATIONAL TRAVELS', 'HYDERABAD', '7:30');
INSERT INTO `bus_arvl_time` (`BUS_ID`, `SERVICE_PROVIDER`, `BUS_DOWN_STATION`, `ARVL_TIME`) VALUES ('2003', 'ORANGE TOURS AND TRAVELS', 'PURI', '9:00');
INSERT INTO `bus_arvl_time` (`BUS_ID`, `SERVICE_PROVIDER`, `BUS_DOWN_STATION`, `ARVL_TIME`) VALUES ('2001', 'NATIONAL TRAVELS', 'PURI', '6:00');
INSERT INTO `bus_arvl_time` (`BUS_ID`, `SERVICE_PROVIDER`, `BUS_DOWN_STATION`, `ARVL_TIME`) VALUES ('1003', 'INTRCITY SMARTBUS', 'PURI', '7:20');
INSERT INTO `bus_arvl_time` (`BUS_ID`, `SERVICE_PROVIDER`, `BUS_DOWN_STATION`, `ARVL_TIME`) VALUES ('2003', 'ORANGE TOURS AND TRAVELS', 'CHENNAI', '7:30');
INSERT INTO `bus_arvl_time` (`BUS_ID`, `SERVICE_PROVIDER`, `BUS_DOWN_STATION`, `ARVL_TIME`) VALUES ('1003', 'INTRCITY SMARTBUS', 'CHENNAI', '8:30');
INSERT INTO `bus_arvl_time` (`BUS_ID`, `SERVICE_PROVIDER`, `BUS_DOWN_STATION`, `ARVL_TIME`) VALUES ('1003', 'INTRCITY SMARTBUS', 'BENGALURU', '7:20');
INSERT INTO `bus_arvl_time` (`BUS_ID`, `SERVICE_PROVIDER`, `BUS_DOWN_STATION`, `ARVL_TIME`) VALUES ('2003', 'ORANGE TOURS AND TRAVELS', 'BENGALURU', '3:25');
INSERT INTO `bus_arvl_time` (`BUS_ID`, `SERVICE_PROVIDER`, `BUS_DOWN_STATION`, `ARVL_TIME`) VALUES ('2002', 'GREEN LINE TRAVELS', 'BENGALURU', '7:55');
INSERT INTO `bus_arvl_time` (`BUS_ID`, `SERVICE_PROVIDER`, `BUS_DOWN_STATION`, `ARVL_TIME`) VALUES ('1003', 'INTRCITY SMARTBUS', 'CHENNAI', '5:45:00');
INSERT INTO `bus_arvl_time` (`BUS_ID`, `SERVICE_PROVIDER`, `BUS_DOWN_STATION`, `ARVL_TIME`) VALUES ('2001', 'NATIONAL TRAVELS', 'CHENNAI', '5:30');
INSERT INTO `bus_arvl_time` (`BUS_ID`, `SERVICE_PROVIDER`, `BUS_DOWN_STATION`, `ARVL_TIME`) VALUES ('2003', 'ORANGE TOURS AND TRAVELS', 'CHENNAI', '5:30');
INSERT INTO `bus_arvl_time` (`BUS_ID`, `SERVICE_PROVIDER`, `BUS_DOWN_STATION`, `ARVL_TIME`) VALUES ('1003', 'INTRCITY SMARTBUS', 'BENGALURU', '5:00');
INSERT INTO `bus_arvl_time` (`BUS_ID`, `SERVICE_PROVIDER`, `BUS_DOWN_STATION`, `ARVL_TIME`) VALUES ('2003', 'ORANGE TOURS AND TRAVELS', 'BENGALURU', '6:30');
INSERT INTO `bus_arvl_time` (`BUS_ID`, `SERVICE_PROVIDER`, `BUS_DOWN_STATION`, `ARVL_TIME`) VALUES ('2001', 'NATIONAL TRAVELS', 'BENGALURU', '6:25');
INSERT INTO `bus_arvl_time` (`BUS_ID`, `SERVICE_PROVIDER`, `BUS_DOWN_STATION`, `ARVL_TIME`) VALUES ('2002', 'GREEN LINE TRAVELS', 'BENGALURU', '6:05');
INSERT INTO `bus_arvl_time` (`BUS_ID`, `SERVICE_PROVIDER`, `BUS_DOWN_STATION`, `ARVL_TIME`) VALUES ('2003', 'ORANGE TOURS AND TRAVELS', 'HYDERABAD', '8:00');
INSERT INTO `bus_arvl_time` (`BUS_ID`, `SERVICE_PROVIDER`, `BUS_DOWN_STATION`, `ARVL_TIME`) VALUES ('3000', 'VRL TRAVELS', 'PUNE', '23:00');
INSERT INTO `bus_arvl_time` (`BUS_ID`, `SERVICE_PROVIDER`, `BUS_DOWN_STATION`, `ARVL_TIME`) VALUES ('1003', 'INTRCITY SMARTBUS', 'PUNE', '0:55');
INSERT INTO `bus_arvl_time` (`BUS_ID`, `SERVICE_PROVIDER`, `BUS_DOWN_STATION`, `ARVL_TIME`) VALUES ('3001', 'NEETA TRAVELS', 'PUNE', '10:15');
INSERT INTO `bus_arvl_time` (`BUS_ID`, `SERVICE_PROVIDER`, `BUS_DOWN_STATION`, `ARVL_TIME`) VALUES ('3002', 'PRASANNA PURPLE', 'PUNE', '22:45');
INSERT INTO `bus_arvl_time` (`BUS_ID`, `SERVICE_PROVIDER`, `BUS_DOWN_STATION`, `ARVL_TIME`) VALUES ('3003', 'SANJAY TRAVELS', 'PUNE', '2:25');
INSERT INTO `bus_arvl_time` (`BUS_ID`, `SERVICE_PROVIDER`, `BUS_DOWN_STATION`, `ARVL_TIME`) VALUES ('1003', 'INTRCITY SMARTBUS', 'GOA', '10:30');
INSERT INTO `bus_arvl_time` (`BUS_ID`, `SERVICE_PROVIDER`, `BUS_DOWN_STATION`, `ARVL_TIME`) VALUES ('1003', 'INTRCITY SMARTBUS', 'GOA', '9:30');
INSERT INTO `bus_arvl_time` (`BUS_ID`, `SERVICE_PROVIDER`, `BUS_DOWN_STATION`, `ARVL_TIME`) VALUES ('3002', 'PRASANNA PURPLE', 'GOA', '10:30');
INSERT INTO `bus_arvl_time` (`BUS_ID`, `SERVICE_PROVIDER`, `BUS_DOWN_STATION`, `ARVL_TIME`) VALUES ('3000', 'VRL TRAVELS', 'JODHPUR', '10:00');
INSERT INTO `bus_arvl_time` (`BUS_ID`, `SERVICE_PROVIDER`, `BUS_DOWN_STATION`, `ARVL_TIME`) VALUES ('1003', 'INTRCITY SMARTBUS', 'JODHPUR', '9:30');
INSERT INTO `bus_arvl_time` (`BUS_ID`, `SERVICE_PROVIDER`, `BUS_DOWN_STATION`, `ARVL_TIME`) VALUES ('3000', 'VRL TRAVELS', 'MUMBAI', '9:00');
INSERT INTO `bus_arvl_time` (`BUS_ID`, `SERVICE_PROVIDER`, `BUS_DOWN_STATION`, `ARVL_TIME`) VALUES ('3003', 'SANJAY TRAVELS', 'MUMBAI', '7:20');
INSERT INTO `bus_arvl_time` (`BUS_ID`, `SERVICE_PROVIDER`, `BUS_DOWN_STATION`, `ARVL_TIME`) VALUES ('3001', 'NEETA TRAVELS', 'MUMBAI', '15:30');
INSERT INTO `bus_arvl_time` (`BUS_ID`, `SERVICE_PROVIDER`, `BUS_DOWN_STATION`, `ARVL_TIME`) VALUES ('3002', 'PRASANNA PURPLE', 'MUMBAI', '12:30');
INSERT INTO `bus_arvl_time` (`BUS_ID`, `SERVICE_PROVIDER`, `BUS_DOWN_STATION`, `ARVL_TIME`) VALUES ('3000', 'VRL TRAVELS', 'GOA', '9:30');
INSERT INTO `bus_arvl_time` (`BUS_ID`, `SERVICE_PROVIDER`, `BUS_DOWN_STATION`, `ARVL_TIME`) VALUES ('3001', 'NEETA TRAVELS', 'JODHPUR', '7:10');
INSERT INTO `bus_arvl_time` (`BUS_ID`, `SERVICE_PROVIDER`, `BUS_DOWN_STATION`, `ARVL_TIME`) VALUES ('1003', 'INTRCITY SMARTBUS', 'MUMBAI', '10:30');
INSERT INTO `bus_arvl_time` (`BUS_ID`, `SERVICE_PROVIDER`, `BUS_DOWN_STATION`, `ARVL_TIME`) VALUES ('3000', 'VRL TRAVELS', 'MUMBAI', '10:00');
INSERT INTO `bus_arvl_time` (`BUS_ID`, `SERVICE_PROVIDER`, `BUS_DOWN_STATION`, `ARVL_TIME`) VALUES ('2001', 'NATIONAL TRAVELS', 'MUMBAI', '8:30');
INSERT INTO `bus_arvl_time` (`BUS_ID`, `SERVICE_PROVIDER`, `BUS_DOWN_STATION`, `ARVL_TIME`) VALUES ('1003', 'INTRCITY SMARTBUS', 'PUNE', '6:55');
INSERT INTO `bus_arvl_time` (`BUS_ID`, `SERVICE_PROVIDER`, `BUS_DOWN_STATION`, `ARVL_TIME`) VALUES ('3002', 'PRASANNA PURPLE', 'PUNE', '6:30');
INSERT INTO `bus_arvl_time` (`BUS_ID`, `SERVICE_PROVIDER`, `BUS_DOWN_STATION`, `ARVL_TIME`) VALUES ('2001', 'NATIONAL TRAVELS', 'PUNE', '6:30');
INSERT INTO `bus_arvl_time` (`BUS_ID`, `SERVICE_PROVIDER`, `BUS_DOWN_STATION`, `ARVL_TIME`) VALUES ('3000', 'VRL TRAVELS', 'PUNE', '5:30');
INSERT INTO `bus_arvl_time` (`BUS_ID`, `SERVICE_PROVIDER`, `BUS_DOWN_STATION`, `ARVL_TIME`) VALUES ('1003', 'INTRCITY SMARTBUS', 'MUMBAI', '6:30');
INSERT INTO `bus_arvl_time` (`BUS_ID`, `SERVICE_PROVIDER`, `BUS_DOWN_STATION`, `ARVL_TIME`) VALUES ('3001', 'NEETA TRAVELS', 'PUNE', '9:50');
INSERT INTO `bus_arvl_time` (`BUS_ID`, `SERVICE_PROVIDER`, `BUS_DOWN_STATION`, `ARVL_TIME`) VALUES ('3000', 'VRL TRAVELS', 'PUNE', '4:30');



INSERT INTO `bus_dept_time` (`BUS_ID`, `SERVICE_PROVIDER`, `BUS_UP_STATION`, `DEPT_TIME`) VALUES ('1000', 'ZINGBUS BASIC', 'AMRITSAR', '21:45:00');
INSERT INTO `bus_dept_time` (`BUS_ID`, `SERVICE_PROVIDER`, `BUS_UP_STATION`, `DEPT_TIME`) VALUES ('1001', 'LAXMI HOLIDAYS', 'AMRITSAR', '20:10:00');
INSERT INTO `bus_dept_time` (`BUS_ID`, `SERVICE_PROVIDER`, `BUS_UP_STATION`, `DEPT_TIME`) VALUES ('1002', 'ZINGBUS', 'AMRITSAR', '19:15:00');
INSERT INTO `bus_dept_time` (`BUS_ID`, `SERVICE_PROVIDER`, `BUS_UP_STATION`, `DEPT_TIME`) VALUES ('1002', 'ZINGBUS', 'AMRITSAR', '20:10:00');
INSERT INTO `bus_dept_time` (`BUS_ID`, `SERVICE_PROVIDER`, `BUS_UP_STATION`, `DEPT_TIME`) VALUES ('1002', 'ZINGBUS', 'AMRITSAR', '20:50:00');
INSERT INTO `bus_dept_time` (`BUS_ID`, `SERVICE_PROVIDER`, `BUS_UP_STATION`, `DEPT_TIME`) VALUES ('1002', 'ZINGBUS', 'AMRITSAR', '9:15:00');
INSERT INTO `bus_dept_time` (`BUS_ID`, `SERVICE_PROVIDER`, `BUS_UP_STATION`, `DEPT_TIME`) VALUES ('1003', 'INTRCITY SMARTBUS', 'AMRITSAR', '22:40:00');
INSERT INTO `bus_dept_time` (`BUS_ID`, `SERVICE_PROVIDER`, `BUS_UP_STATION`, `DEPT_TIME`) VALUES ('1003', 'INTRCITY SMARTBUS', 'AMRITSAR', '21:10:00');
INSERT INTO `bus_dept_time` (`BUS_ID`, `SERVICE_PROVIDER`, `BUS_UP_STATION`, `DEPT_TIME`) VALUES ('1000', 'ZINGBUS BASIC', 'AMRITSAR', '22:50:00');
INSERT INTO `bus_dept_time` (`BUS_ID`, `SERVICE_PROVIDER`, `BUS_UP_STATION`, `DEPT_TIME`) VALUES ('1003', 'INTRCITY SMARTBUS', 'AMRITSAR', '22:05:00');
INSERT INTO `bus_dept_time` (`BUS_ID`, `SERVICE_PROVIDER`, `BUS_UP_STATION`, `DEPT_TIME`) VALUES ('1003', 'INTRCITY SMARTBUS', 'AMRITSAR', '21:40:00');
INSERT INTO `bus_dept_time` (`BUS_ID`, `SERVICE_PROVIDER`, `BUS_UP_STATION`, `DEPT_TIME`) VALUES ('1002', 'ZINGBUS', 'AMRITSAR', '11:15:00');
INSERT INTO `bus_dept_time` (`BUS_ID`, `SERVICE_PROVIDER`, `BUS_UP_STATION`, `DEPT_TIME`) VALUES ('1003', 'INTRCITY SMARTBUS', 'AMRITSAR', '21:45:00');
INSERT INTO `bus_dept_time` (`BUS_ID`, `SERVICE_PROVIDER`, `BUS_UP_STATION`, `DEPT_TIME`) VALUES ('1003', 'INTRCITY SMARTBUS', 'AMRITSAR', '20:45:00');
INSERT INTO `bus_dept_time` (`BUS_ID`, `SERVICE_PROVIDER`, `BUS_UP_STATION`, `DEPT_TIME`) VALUES ('1001', 'LAXMI HOLIDAYS', 'NEW DELHI', '22:50:00');
INSERT INTO `bus_dept_time` (`BUS_ID`, `SERVICE_PROVIDER`, `BUS_UP_STATION`, `DEPT_TIME`) VALUES ('1003', 'INTRCITY SMARTBUS', 'NEW DELHI', '23:55:00');
INSERT INTO `bus_dept_time` (`BUS_ID`, `SERVICE_PROVIDER`, `BUS_UP_STATION`, `DEPT_TIME`) VALUES ('1000', 'ZINGBUS BASIC', 'NEW DELHI', '7:25:00');
INSERT INTO `bus_dept_time` (`BUS_ID`, `SERVICE_PROVIDER`, `BUS_UP_STATION`, `DEPT_TIME`) VALUES ('1003', 'INTRCITY SMARTBUS', 'NEW DELHI', '21:15:00');
INSERT INTO `bus_dept_time` (`BUS_ID`, `SERVICE_PROVIDER`, `BUS_UP_STATION`, `DEPT_TIME`) VALUES ('1002', 'ZINGBUS', 'NEW DELHI', '20:55:00');
INSERT INTO `bus_dept_time` (`BUS_ID`, `SERVICE_PROVIDER`, `BUS_UP_STATION`, `DEPT_TIME`) VALUES ('1001', 'LAXMI HOLIDAYS', 'NEW DELHI', '20:00:00');
INSERT INTO `bus_dept_time` (`BUS_ID`, `SERVICE_PROVIDER`, `BUS_UP_STATION`, `DEPT_TIME`) VALUES ('1000', 'ZINGBUS BASIC', 'NEW DELHI', '17:30:00');
INSERT INTO `bus_dept_time` (`BUS_ID`, `SERVICE_PROVIDER`, `BUS_UP_STATION`, `DEPT_TIME`) VALUES ('1000', 'ZINGBUS BASIC', 'NEW DELHI', '21:15:00');
INSERT INTO `bus_dept_time` (`BUS_ID`, `SERVICE_PROVIDER`, `BUS_UP_STATION`, `DEPT_TIME`) VALUES ('1001', 'LAXMI HOLIDAYS', 'AGRA', '4:30:00');
INSERT INTO `bus_dept_time` (`BUS_ID`, `SERVICE_PROVIDER`, `BUS_UP_STATION`, `DEPT_TIME`) VALUES ('1000', 'ZINGBUS BASIC', 'AGRA', '4:35:00');
INSERT INTO `bus_dept_time` (`BUS_ID`, `SERVICE_PROVIDER`, `BUS_UP_STATION`, `DEPT_TIME`) VALUES ('1002', 'ZINGBUS', 'AGRA', '5:05:00');
INSERT INTO `bus_dept_time` (`BUS_ID`, `SERVICE_PROVIDER`, `BUS_UP_STATION`, `DEPT_TIME`) VALUES ('1000', 'ZINGBUS BASIC', 'AGRA', '1:10:00');
INSERT INTO `bus_dept_time` (`BUS_ID`, `SERVICE_PROVIDER`, `BUS_UP_STATION`, `DEPT_TIME`) VALUES ('1000', 'ZINGBUS BASIC', 'AGRA', '21:10:00');
INSERT INTO `bus_dept_time` (`BUS_ID`, `SERVICE_PROVIDER`, `BUS_UP_STATION`, `DEPT_TIME`) VALUES ('1000', 'ZINGBUS BASIC', 'JAIPUR', '18:00:00');
INSERT INTO `bus_dept_time` (`BUS_ID`, `SERVICE_PROVIDER`, `BUS_UP_STATION`, `DEPT_TIME`) VALUES ('1000', 'ZINGBUS BASIC', 'JAIPUR', '16:30:00');
INSERT INTO `bus_dept_time` (`BUS_ID`, `SERVICE_PROVIDER`, `BUS_UP_STATION`, `DEPT_TIME`) VALUES ('1001', 'LAXMI HOLIDAYS', 'JAIPUR', '17:00:00');
INSERT INTO `bus_dept_time` (`BUS_ID`, `SERVICE_PROVIDER`, `BUS_UP_STATION`, `DEPT_TIME`) VALUES ('1003', 'INTRCITY SMARTBUS', 'CHENNAI', '23:00:00');
INSERT INTO `bus_dept_time` (`BUS_ID`, `SERVICE_PROVIDER`, `BUS_UP_STATION`, `DEPT_TIME`) VALUES ('2000', 'SEABIRD TOURIST', 'CHENNAI', '16:15:00');
INSERT INTO `bus_dept_time` (`BUS_ID`, `SERVICE_PROVIDER`, `BUS_UP_STATION`, `DEPT_TIME`) VALUES ('2001', 'NATIONAL TRAVELS', 'CHENNAI', '14:45:00');
INSERT INTO `bus_dept_time` (`BUS_ID`, `SERVICE_PROVIDER`, `BUS_UP_STATION`, `DEPT_TIME`) VALUES ('2002', 'GREEN LINE TRAVELS', 'CHENNAI', '9:45:00');
INSERT INTO `bus_dept_time` (`BUS_ID`, `SERVICE_PROVIDER`, `BUS_UP_STATION`, `DEPT_TIME`) VALUES ('1003', 'INTRCITY SMARTBUS', 'CHENNAI', '19:00:00');
INSERT INTO `bus_dept_time` (`BUS_ID`, `SERVICE_PROVIDER`, `BUS_UP_STATION`, `DEPT_TIME`) VALUES ('2003', 'ORANGE TOURS AND TRAVELS', 'CHENNAI', '22:15:00');
INSERT INTO `bus_dept_time` (`BUS_ID`, `SERVICE_PROVIDER`, `BUS_UP_STATION`, `DEPT_TIME`) VALUES ('1003', 'INTRCITY SMARTBUS', 'CHENNAI', '21:20:00');
INSERT INTO `bus_dept_time` (`BUS_ID`, `SERVICE_PROVIDER`, `BUS_UP_STATION`, `DEPT_TIME`) VALUES ('2001', 'NATIONAL TRAVELS', 'CHENNAI', '23:05');
INSERT INTO `bus_dept_time` (`BUS_ID`, `SERVICE_PROVIDER`, `BUS_UP_STATION`, `DEPT_TIME`) VALUES ('2003', 'ORANGE TOURS AND TRAVELS', 'CHENNAI', '20:30');
INSERT INTO `bus_dept_time` (`BUS_ID`, `SERVICE_PROVIDER`, `BUS_UP_STATION`, `DEPT_TIME`) VALUES ('2002', 'GREEN LINE TRAVELS', 'BENGALURU', '20:30');
INSERT INTO `bus_dept_time` (`BUS_ID`, `SERVICE_PROVIDER`, `BUS_UP_STATION`, `DEPT_TIME`) VALUES ('2001', 'NATIONAL TRAVELS', 'BENGALURU', '14:30');
INSERT INTO `bus_dept_time` (`BUS_ID`, `SERVICE_PROVIDER`, `BUS_UP_STATION`, `DEPT_TIME`) VALUES ('1003', 'INTRCITY SMARTBUS', 'BENGALURU', '22:15');
INSERT INTO `bus_dept_time` (`BUS_ID`, `SERVICE_PROVIDER`, `BUS_UP_STATION`, `DEPT_TIME`) VALUES ('2003', 'ORANGE TOURS AND TRAVELS', 'BENGALURU', '19:30');
INSERT INTO `bus_dept_time` (`BUS_ID`, `SERVICE_PROVIDER`, `BUS_UP_STATION`, `DEPT_TIME`) VALUES ('2001', 'NATIONAL TRAVELS', 'BENGALURU', '23:10');
INSERT INTO `bus_dept_time` (`BUS_ID`, `SERVICE_PROVIDER`, `BUS_UP_STATION`, `DEPT_TIME`) VALUES ('2003', 'ORANGE TOURS AND TRAVELS', 'BENGALURU', '2:15');
INSERT INTO `bus_dept_time` (`BUS_ID`, `SERVICE_PROVIDER`, `BUS_UP_STATION`, `DEPT_TIME`) VALUES ('2001', 'NATIONAL TRAVELS', 'BENGALURU', '21:45');
INSERT INTO `bus_dept_time` (`BUS_ID`, `SERVICE_PROVIDER`, `BUS_UP_STATION`, `DEPT_TIME`) VALUES ('1003', 'INTRCITY SMARTBUS', 'BENGALURU', '23:10');
INSERT INTO `bus_dept_time` (`BUS_ID`, `SERVICE_PROVIDER`, `BUS_UP_STATION`, `DEPT_TIME`) VALUES ('2003', 'ORANGE TOURS AND TRAVELS', 'HYDERABAD', '20:15');
INSERT INTO `bus_dept_time` (`BUS_ID`, `SERVICE_PROVIDER`, `BUS_UP_STATION`, `DEPT_TIME`) VALUES ('1003', 'INTRCITY SMARTBUS', 'HYDERABAD', '21:00');
INSERT INTO `bus_dept_time` (`BUS_ID`, `SERVICE_PROVIDER`, `BUS_UP_STATION`, `DEPT_TIME`) VALUES ('1003', 'INTRCITY SMARTBUS', 'HYDERABAD', '19:00');
INSERT INTO `bus_dept_time` (`BUS_ID`, `SERVICE_PROVIDER`, `BUS_UP_STATION`, `DEPT_TIME`) VALUES ('2003', 'ORANGE TOURS AND TRAVELS', 'HYDERABAD', '18:10');
INSERT INTO `bus_dept_time` (`BUS_ID`, `SERVICE_PROVIDER`, `BUS_UP_STATION`, `DEPT_TIME`) VALUES ('2002', 'GREEN LINE TRAVELS', 'HYDERABAD', '22:35');
INSERT INTO `bus_dept_time` (`BUS_ID`, `SERVICE_PROVIDER`, `BUS_UP_STATION`, `DEPT_TIME`) VALUES ('2003', 'ORANGE TOURS AND TRAVELS', 'HYDERABAD', '16:30');
INSERT INTO `bus_dept_time` (`BUS_ID`, `SERVICE_PROVIDER`, `BUS_UP_STATION`, `DEPT_TIME`) VALUES ('1003', 'INTRCITY SMARTBUS', 'PURI', '21:00');
INSERT INTO `bus_dept_time` (`BUS_ID`, `SERVICE_PROVIDER`, `BUS_UP_STATION`, `DEPT_TIME`) VALUES ('2001', 'NATIONAL TRAVELS', 'PURI', '20:45');
INSERT INTO `bus_dept_time` (`BUS_ID`, `SERVICE_PROVIDER`, `BUS_UP_STATION`, `DEPT_TIME`) VALUES ('2003', 'ORANGE TOURS AND TRAVELS', 'PURI', '23:15');
INSERT INTO `bus_dept_time` (`BUS_ID`, `SERVICE_PROVIDER`, `BUS_UP_STATION`, `DEPT_TIME`) VALUES ('1003', 'INTRCITY SMARTBUS', 'PURI', '21:15');
INSERT INTO `bus_dept_time` (`BUS_ID`, `SERVICE_PROVIDER`, `BUS_UP_STATION`, `DEPT_TIME`) VALUES ('2003', 'ORANGE TOURS AND TRAVELS', 'PURI', '22:45');
INSERT INTO `bus_dept_time` (`BUS_ID`, `SERVICE_PROVIDER`, `BUS_UP_STATION`, `DEPT_TIME`) VALUES ('2001', 'NATIONAL TRAVELS', 'PURI', '22:25');
INSERT INTO `bus_dept_time` (`BUS_ID`, `SERVICE_PROVIDER`, `BUS_UP_STATION`, `DEPT_TIME`) VALUES ('2002', 'GREEN LINE TRAVELS', 'PURI', '22:45');
INSERT INTO `bus_dept_time` (`BUS_ID`, `SERVICE_PROVIDER`, `BUS_UP_STATION`, `DEPT_TIME`) VALUES ('2003', 'ORANGE TOURS AND TRAVELS', 'PURI', '15:30');
INSERT INTO `bus_dept_time` (`BUS_ID`, `SERVICE_PROVIDER`, `BUS_UP_STATION`, `DEPT_TIME`) VALUES ('3000', 'VRL TRAVELS', 'MUMBAI', '17:30');
INSERT INTO `bus_dept_time` (`BUS_ID`, `SERVICE_PROVIDER`, `BUS_UP_STATION`, `DEPT_TIME`) VALUES ('1003', 'INTRCITY SMARTBUS', 'MUMBAI', '21:25');
INSERT INTO `bus_dept_time` (`BUS_ID`, `SERVICE_PROVIDER`, `BUS_UP_STATION`, `DEPT_TIME`) VALUES ('3001', 'NEETA TRAVELS', 'MUMBAI', '5:45');
INSERT INTO `bus_dept_time` (`BUS_ID`, `SERVICE_PROVIDER`, `BUS_UP_STATION`, `DEPT_TIME`) VALUES ('3002', 'PRASANNA PURPLE', 'MUMBAI', '17:00');
INSERT INTO `bus_dept_time` (`BUS_ID`, `SERVICE_PROVIDER`, `BUS_UP_STATION`, `DEPT_TIME`) VALUES ('3003', 'SANJAY TRAVELS', 'MUMBAI', '23:00');
INSERT INTO `bus_dept_time` (`BUS_ID`, `SERVICE_PROVIDER`, `BUS_UP_STATION`, `DEPT_TIME`) VALUES ('1003', 'INTRCITY SMARTBUS', 'MUMBAI', '19:40');
INSERT INTO `bus_dept_time` (`BUS_ID`, `SERVICE_PROVIDER`, `BUS_UP_STATION`, `DEPT_TIME`) VALUES ('1003', 'INTRCITY SMARTBUS', 'MUMBAI', '17:00');
INSERT INTO `bus_dept_time` (`BUS_ID`, `SERVICE_PROVIDER`, `BUS_UP_STATION`, `DEPT_TIME`) VALUES ('3000', 'VRL TRAVELS', 'MUMBAI', '1:30');
INSERT INTO `bus_dept_time` (`BUS_ID`, `SERVICE_PROVIDER`, `BUS_UP_STATION`, `DEPT_TIME`) VALUES ('1003', 'INTRCITY SMARTBUS', 'MUMBAI', '20:30');



INSERT INTO `bus_journey_hr` (`BUS_ID`, `UP_STATION`, `DOWN_STATION`, `JOURNEY_HR`) VALUES ('1000', 'AMRITSAR', 'NEW DELHI', '8');
INSERT INTO `bus_journey_hr` (`BUS_ID`, `UP_STATION`, `DOWN_STATION`, `JOURNEY_HR`) VALUES ('1001', 'AMRITSAR', 'NEW DELHI', '9');
INSERT INTO `bus_journey_hr` (`BUS_ID`, `UP_STATION`, `DOWN_STATION`, `JOURNEY_HR`) VALUES ('1002', 'AMRITSAR', 'NEW DELHI', '9');
INSERT INTO `bus_journey_hr` (`BUS_ID`, `UP_STATION`, `DOWN_STATION`, `JOURNEY_HR`) VALUES ('1002', 'AMRITSAR', 'NEW DELHI', '10');
INSERT INTO `bus_journey_hr` (`BUS_ID`, `UP_STATION`, `DOWN_STATION`, `JOURNEY_HR`) VALUES ('1003', 'AMRITSAR', 'NEW DELHI', '7');
INSERT INTO `bus_journey_hr` (`BUS_ID`, `UP_STATION`, `DOWN_STATION`, `JOURNEY_HR`) VALUES ('1000', 'AMRITSAR', 'NEW DELHI', '9');
INSERT INTO `bus_journey_hr` (`BUS_ID`, `UP_STATION`, `DOWN_STATION`, `JOURNEY_HR`) VALUES ('1003', 'AMRITSAR', 'NEW DELHI', '8');
INSERT INTO `bus_journey_hr` (`BUS_ID`, `UP_STATION`, `DOWN_STATION`, `JOURNEY_HR`) VALUES ('1002', 'AMRITSAR', 'NEW DELHI', '11');
INSERT INTO `bus_journey_hr` (`BUS_ID`, `UP_STATION`, `DOWN_STATION`, `JOURNEY_HR`) VALUES ('1003', 'AMRITSAR', 'NEW DELHI', '9');
INSERT INTO `bus_journey_hr` (`BUS_ID`, `UP_STATION`, `DOWN_STATION`, `JOURNEY_HR`) VALUES ('1001', 'NEW DELHI', 'AMRITSAR', '7');
INSERT INTO `bus_journey_hr` (`BUS_ID`, `UP_STATION`, `DOWN_STATION`, `JOURNEY_HR`) VALUES ('1003', 'NEW DELHI', 'AMRITSAR', '8');
INSERT INTO `bus_journey_hr` (`BUS_ID`, `UP_STATION`, `DOWN_STATION`, `JOURNEY_HR`) VALUES ('1000', 'NEW DELHI', 'AMRITSAR', '12');
INSERT INTO `bus_journey_hr` (`BUS_ID`, `UP_STATION`, `DOWN_STATION`, `JOURNEY_HR`) VALUES ('1003', 'NEW DELHI', 'AGRA', '4');
INSERT INTO `bus_journey_hr` (`BUS_ID`, `UP_STATION`, `DOWN_STATION`, `JOURNEY_HR`) VALUES ('1002', 'NEW DELHI', 'AGRA', '2');
INSERT INTO `bus_journey_hr` (`BUS_ID`, `UP_STATION`, `DOWN_STATION`, `JOURNEY_HR`) VALUES ('1001', 'NEW DELHI', 'AGRA', '3');
INSERT INTO `bus_journey_hr` (`BUS_ID`, `UP_STATION`, `DOWN_STATION`, `JOURNEY_HR`) VALUES ('1000', 'NEW DELHI', 'AGRA', '3');
INSERT INTO `bus_journey_hr` (`BUS_ID`, `UP_STATION`, `DOWN_STATION`, `JOURNEY_HR`) VALUES ('1000', 'NEW DELHI', 'JAIPUR', '13');
INSERT INTO `bus_journey_hr` (`BUS_ID`, `UP_STATION`, `DOWN_STATION`, `JOURNEY_HR`) VALUES ('1001', 'NEW DELHI', 'JAIPUR', '14');
INSERT INTO `bus_journey_hr` (`BUS_ID`, `UP_STATION`, `DOWN_STATION`, `JOURNEY_HR`) VALUES ('1001', 'AGRA', 'NEW DELHI', '3');
INSERT INTO `bus_journey_hr` (`BUS_ID`, `UP_STATION`, `DOWN_STATION`, `JOURNEY_HR`) VALUES ('1000', 'AGRA', 'NEW DELHI', '3');
INSERT INTO `bus_journey_hr` (`BUS_ID`, `UP_STATION`, `DOWN_STATION`, `JOURNEY_HR`) VALUES ('1002', 'AGRA', 'NEW DELHI', '3');
INSERT INTO `bus_journey_hr` (`BUS_ID`, `UP_STATION`, `DOWN_STATION`, `JOURNEY_HR`) VALUES ('1000', 'AGRA', 'JAIPUR', '9');
INSERT INTO `bus_journey_hr` (`BUS_ID`, `UP_STATION`, `DOWN_STATION`, `JOURNEY_HR`) VALUES ('1000', 'JAIPUR', 'NEW DELHI', '15');
INSERT INTO `bus_journey_hr` (`BUS_ID`, `UP_STATION`, `DOWN_STATION`, `JOURNEY_HR`) VALUES ('1001', 'JAIPUR', 'NEW DELHI', '14');
INSERT INTO `bus_journey_hr` (`BUS_ID`, `UP_STATION`, `DOWN_STATION`, `JOURNEY_HR`) VALUES ('1000', 'JAIPUR', 'AGRA', '12');
INSERT INTO `bus_journey_hr` (`BUS_ID`, `UP_STATION`, `DOWN_STATION`, `JOURNEY_HR`) VALUES ('1001', 'JAIPUR', 'AGRA', '12');
INSERT INTO `bus_journey_hr` (`BUS_ID`, `UP_STATION`, `DOWN_STATION`, `JOURNEY_HR`) VALUES ('1003', 'CHENNAI', 'BENGALURU', '6');
INSERT INTO `bus_journey_hr` (`BUS_ID`, `UP_STATION`, `DOWN_STATION`, `JOURNEY_HR`) VALUES ('2000', 'CHENNAI', 'BENGALURU', '7');
INSERT INTO `bus_journey_hr` (`BUS_ID`, `UP_STATION`, `DOWN_STATION`, `JOURNEY_HR`) VALUES ('2001', 'CHENNAI', 'BENGALURU', '5');
INSERT INTO `bus_journey_hr` (`BUS_ID`, `UP_STATION`, `DOWN_STATION`, `JOURNEY_HR`) VALUES ('2002', 'CHENNAI', 'BENGALURU', '6');
INSERT INTO `bus_journey_hr` (`BUS_ID`, `UP_STATION`, `DOWN_STATION`, `JOURNEY_HR`) VALUES ('1003', 'CHENNAI', 'HYDERABAD', '11');
INSERT INTO `bus_journey_hr` (`BUS_ID`, `UP_STATION`, `DOWN_STATION`, `JOURNEY_HR`) VALUES ('2003', 'CHENNAI', 'HYDERABAD', '10');
INSERT INTO `bus_journey_hr` (`BUS_ID`, `UP_STATION`, `DOWN_STATION`, `JOURNEY_HR`) VALUES ('1003', 'CHENNAI', 'PURI', '7');
INSERT INTO `bus_journey_hr` (`BUS_ID`, `UP_STATION`, `DOWN_STATION`, `JOURNEY_HR`) VALUES ('2001', 'CHENNAI', 'PURI', '7');
INSERT INTO `bus_journey_hr` (`BUS_ID`, `UP_STATION`, `DOWN_STATION`, `JOURNEY_HR`) VALUES ('2003', 'CHENNAI', 'PURI', '8');
INSERT INTO `bus_journey_hr` (`BUS_ID`, `UP_STATION`, `DOWN_STATION`, `JOURNEY_HR`) VALUES ('2002', 'BENGALURU', 'CHENNAI', '6');
INSERT INTO `bus_journey_hr` (`BUS_ID`, `UP_STATION`, `DOWN_STATION`, `JOURNEY_HR`) VALUES ('2001', 'BENGALURU', 'CHENNAI', '6');
INSERT INTO `bus_journey_hr` (`BUS_ID`, `UP_STATION`, `DOWN_STATION`, `JOURNEY_HR`) VALUES ('1003', 'BENGALURU', 'HYDERABAD', '8');
INSERT INTO `bus_journey_hr` (`BUS_ID`, `UP_STATION`, `DOWN_STATION`, `JOURNEY_HR`) VALUES ('2003', 'BENGALURU', 'HYDERABAD', '8');
INSERT INTO `bus_journey_hr` (`BUS_ID`, `UP_STATION`, `DOWN_STATION`, `JOURNEY_HR`) VALUES ('2001', 'BENGALURU', 'HYDERABAD', '8');
INSERT INTO `bus_journey_hr` (`BUS_ID`, `UP_STATION`, `DOWN_STATION`, `JOURNEY_HR`) VALUES ('2003', 'BENGALURU', 'PURI', '6');
INSERT INTO `bus_journey_hr` (`BUS_ID`, `UP_STATION`, `DOWN_STATION`, `JOURNEY_HR`) VALUES ('2001', 'BENGALURU', 'PURI', '8');
INSERT INTO `bus_journey_hr` (`BUS_ID`, `UP_STATION`, `DOWN_STATION`, `JOURNEY_HR`) VALUES ('1003', 'BENGALURU', 'PURI', '8');
INSERT INTO `bus_journey_hr` (`BUS_ID`, `UP_STATION`, `DOWN_STATION`, `JOURNEY_HR`) VALUES ('2003', 'HYDERABAD', 'CHENNAI', '11');
INSERT INTO `bus_journey_hr` (`BUS_ID`, `UP_STATION`, `DOWN_STATION`, `JOURNEY_HR`) VALUES ('1003', 'HYDERABAD', 'CHENNAI', '11');
INSERT INTO `bus_journey_hr` (`BUS_ID`, `UP_STATION`, `DOWN_STATION`, `JOURNEY_HR`) VALUES ('1003', 'HYDERABAD', 'BENGALURU', '12');
INSERT INTO `bus_journey_hr` (`BUS_ID`, `UP_STATION`, `DOWN_STATION`, `JOURNEY_HR`) VALUES ('2003', 'HYDERABAD', 'BENGALURU', '9');
INSERT INTO `bus_journey_hr` (`BUS_ID`, `UP_STATION`, `DOWN_STATION`, `JOURNEY_HR`) VALUES ('2002', 'HYDERABAD', 'BENGALURU', '9');
INSERT INTO `bus_journey_hr` (`BUS_ID`, `UP_STATION`, `DOWN_STATION`, `JOURNEY_HR`) VALUES ('2003', 'HYDERABAD', 'PURI', '16');
INSERT INTO `bus_journey_hr` (`BUS_ID`, `UP_STATION`, `DOWN_STATION`, `JOURNEY_HR`) VALUES ('1003', 'PURI', 'CHENNAI', '8');
INSERT INTO `bus_journey_hr` (`BUS_ID`, `UP_STATION`, `DOWN_STATION`, `JOURNEY_HR`) VALUES ('2001', 'PURI', 'CHENNAI', '8');
INSERT INTO `bus_journey_hr` (`BUS_ID`, `UP_STATION`, `DOWN_STATION`, `JOURNEY_HR`) VALUES ('2003', 'PURI', 'CHENNAI', '6');
INSERT INTO `bus_journey_hr` (`BUS_ID`, `UP_STATION`, `DOWN_STATION`, `JOURNEY_HR`) VALUES ('1003', 'PURI', 'BENGALURU', '7');
INSERT INTO `bus_journey_hr` (`BUS_ID`, `UP_STATION`, `DOWN_STATION`, `JOURNEY_HR`) VALUES ('2003', 'PURI', 'BENGALURU', '7');
INSERT INTO `bus_journey_hr` (`BUS_ID`, `UP_STATION`, `DOWN_STATION`, `JOURNEY_HR`) VALUES ('2001', 'PURI', 'BENGALURU', '8');
INSERT INTO `bus_journey_hr` (`BUS_ID`, `UP_STATION`, `DOWN_STATION`, `JOURNEY_HR`) VALUES ('2002', 'PURI', 'BENGALURU', '7');
INSERT INTO `bus_journey_hr` (`BUS_ID`, `UP_STATION`, `DOWN_STATION`, `JOURNEY_HR`) VALUES ('2003', 'PURI', 'HYDERABAD', '16');
INSERT INTO `bus_journey_hr` (`BUS_ID`, `UP_STATION`, `DOWN_STATION`, `JOURNEY_HR`) VALUES ('3000', 'MUMBAI', 'PUNE', '5');
INSERT INTO `bus_journey_hr` (`BUS_ID`, `UP_STATION`, `DOWN_STATION`, `JOURNEY_HR`) VALUES ('1003', 'MUMBAI', 'PUNE', '3');
INSERT INTO `bus_journey_hr` (`BUS_ID`, `UP_STATION`, `DOWN_STATION`, `JOURNEY_HR`) VALUES ('3001', 'MUMBAI', 'PUNE', '4');
INSERT INTO `bus_journey_hr` (`BUS_ID`, `UP_STATION`, `DOWN_STATION`, `JOURNEY_HR`) VALUES ('3002', 'MUMBAI', 'PUNE', '5');
INSERT INTO `bus_journey_hr` (`BUS_ID`, `UP_STATION`, `DOWN_STATION`, `JOURNEY_HR`) VALUES ('3003', 'MUMBAI', 'PUNE', '3');
INSERT INTO `bus_journey_hr` (`BUS_ID`, `UP_STATION`, `DOWN_STATION`, `JOURNEY_HR`) VALUES ('1003', 'MUMBAI', 'GOA', '14');
INSERT INTO `bus_journey_hr` (`BUS_ID`, `UP_STATION`, `DOWN_STATION`, `JOURNEY_HR`) VALUES ('1003', 'MUMBAI', 'GOA', '16');
INSERT INTO `bus_journey_hr` (`BUS_ID`, `UP_STATION`, `DOWN_STATION`, `JOURNEY_HR`) VALUES ('3002', 'MUMBAI', 'GOA', '17');
INSERT INTO `bus_journey_hr` (`BUS_ID`, `UP_STATION`, `DOWN_STATION`, `JOURNEY_HR`) VALUES ('3000', 'MUMBAI', 'JODHPUR', '8');
INSERT INTO `bus_journey_hr` (`BUS_ID`, `UP_STATION`, `DOWN_STATION`, `JOURNEY_HR`) VALUES ('1003', 'MUMBAI', 'JODHPUR', '13');


