USE myproject_2;
INSERT INTO `flight_details` (`FLIGHT_ID`, `FLIGHT_SERVICES_PROVIDER`) VALUES ('7E|118', 'GOAIR');
INSERT INTO `flight_details` (`FLIGHT_ID`, `FLIGHT_SERVICES_PROVIDER`) VALUES ('7E|119', 'GOAIR');
INSERT INTO `flight_details` (`FLIGHT_ID`, `FLIGHT_SERVICES_PROVIDER`) VALUES ('7E|124', 'GOAIR');
INSERT INTO `flight_details` (`FLIGHT_ID`, `FLIGHT_SERVICES_PROVIDER`) VALUES ('7E|139', 'GOAIR');
INSERT INTO `flight_details` (`FLIGHT_ID`, `FLIGHT_SERVICES_PROVIDER`) VALUES ('7E|154', 'GOAIR');
INSERT INTO `flight_details` (`FLIGHT_ID`, `FLIGHT_SERVICES_PROVIDER`) VALUES ('7E|171', 'GOAIR');
INSERT INTO `flight_details` (`FLIGHT_ID`, `FLIGHT_SERVICES_PROVIDER`) VALUES ('7E|187', 'GOAIR');
INSERT INTO `flight_details` (`FLIGHT_ID`, `FLIGHT_SERVICES_PROVIDER`) VALUES ('7E|199', 'GOAIR');
INSERT INTO `flight_details` (`FLIGHT_ID`, `FLIGHT_SERVICES_PROVIDER`) VALUES ('7E|2025', 'GOAIR');
INSERT INTO `flight_details` (`FLIGHT_ID`, `FLIGHT_SERVICES_PROVIDER`) VALUES ('7E|2029', 'GOAIR');
INSERT INTO `flight_details` (`FLIGHT_ID`, `FLIGHT_SERVICES_PROVIDER`) VALUES ('7E|2074', 'GOAIR');
INSERT INTO `flight_details` (`FLIGHT_ID`, `FLIGHT_SERVICES_PROVIDER`) VALUES ('7E|2082', 'GOAIR');
INSERT INTO `flight_details` (`FLIGHT_ID`, `FLIGHT_SERVICES_PROVIDER`) VALUES ('7E|2101', 'GOAIR');
INSERT INTO `flight_details` (`FLIGHT_ID`, `FLIGHT_SERVICES_PROVIDER`) VALUES ('7E|2183', 'GOAIR');
INSERT INTO `flight_details` (`FLIGHT_ID`, `FLIGHT_SERVICES_PROVIDER`) VALUES ('7E|2184', 'GOAIR');
INSERT INTO `flight_details` (`FLIGHT_ID`, `FLIGHT_SERVICES_PROVIDER`) VALUES ('7E|2196', 'GOAIR');
INSERT INTO `flight_details` (`FLIGHT_ID`, `FLIGHT_SERVICES_PROVIDER`) VALUES ('7E|2249', 'GOAIR');
INSERT INTO `flight_details` (`FLIGHT_ID`, `FLIGHT_SERVICES_PROVIDER`) VALUES ('7E|226', 'GOAIR');
INSERT INTO `flight_details` (`FLIGHT_ID`, `FLIGHT_SERVICES_PROVIDER`) VALUES ('7E|2331', 'GOAIR');
INSERT INTO `flight_details` (`FLIGHT_ID`, `FLIGHT_SERVICES_PROVIDER`) VALUES ('7E|2339', 'GOAIR');
INSERT INTO `flight_details` (`FLIGHT_ID`, `FLIGHT_SERVICES_PROVIDER`) VALUES ('7E|2343', 'GOAIR');
INSERT INTO `flight_details` (`FLIGHT_ID`, `FLIGHT_SERVICES_PROVIDER`) VALUES ('7E|2349', 'GOAIR');
INSERT INTO `flight_details` (`FLIGHT_ID`, `FLIGHT_SERVICES_PROVIDER`) VALUES ('7E|2364', 'GOAIR');



INSERT INTO `FLIGHT_ARVL_TIME` (`FLIGHT_ID`, `FLIGHT_SERVICES_PROVIDER`, `DOWN_STATION`, `ARVL_TIME`) VALUES ('7E|118', 'GOAIR', 'MUMBAI', '23:05:00');
INSERT INTO `FLIGHT_ARVL_TIME` (`FLIGHT_ID`, `FLIGHT_SERVICES_PROVIDER`, `DOWN_STATION`, `ARVL_TIME`) VALUES ('7E|118', 'GOAIR', 'AMRITSAR', '23:05:00');
INSERT INTO `FLIGHT_ARVL_TIME` (`FLIGHT_ID`, `FLIGHT_SERVICES_PROVIDER`, `DOWN_STATION`, `ARVL_TIME`) VALUES ('7E|119', 'GOAIR', 'CHENNAI', '15:55:00');
INSERT INTO `FLIGHT_ARVL_TIME` (`FLIGHT_ID`, `FLIGHT_SERVICES_PROVIDER`, `DOWN_STATION`, `ARVL_TIME`) VALUES ('7E|124', 'GOAIR', 'GAYA', '14:30:00');
INSERT INTO `FLIGHT_ARVL_TIME` (`FLIGHT_ID`, `FLIGHT_SERVICES_PROVIDER`, `DOWN_STATION`, `ARVL_TIME`) VALUES ('7E|139', 'GOAIR', 'MUMBAI', '10:20:00');
INSERT INTO `FLIGHT_ARVL_TIME` (`FLIGHT_ID`, `FLIGHT_SERVICES_PROVIDER`, `DOWN_STATION`, `ARVL_TIME`) VALUES ('7E|154', 'GOAIR', 'NEW DELHI', '5:10:00');
INSERT INTO `FLIGHT_ARVL_TIME` (`FLIGHT_ID`, `FLIGHT_SERVICES_PROVIDER`, `DOWN_STATION`, `ARVL_TIME`) VALUES ('7E|171', 'GOAIR', 'MUMBAI', '4:10:00');
INSERT INTO `FLIGHT_ARVL_TIME` (`FLIGHT_ID`, `FLIGHT_SERVICES_PROVIDER`, `DOWN_STATION`, `ARVL_TIME`) VALUES ('7E|187', 'GOAIR', 'HYDERABAD', '18:25:00');
INSERT INTO `FLIGHT_ARVL_TIME` (`FLIGHT_ID`, `FLIGHT_SERVICES_PROVIDER`, `DOWN_STATION`, `ARVL_TIME`) VALUES ('7E|199', 'GOAIR', 'MUMBAI', '7:45:00');
INSERT INTO `FLIGHT_ARVL_TIME` (`FLIGHT_ID`, `FLIGHT_SERVICES_PROVIDER`, `DOWN_STATION`, `ARVL_TIME`) VALUES ('7E|2025', 'GOAIR', 'AMRITSAR', '7:35:00');
INSERT INTO `FLIGHT_ARVL_TIME` (`FLIGHT_ID`, `FLIGHT_SERVICES_PROVIDER`, `DOWN_STATION`, `ARVL_TIME`) VALUES ('7E|2025', 'GOAIR', 'NEW DELHI', '7:35:00');
INSERT INTO `FLIGHT_ARVL_TIME` (`FLIGHT_ID`, `FLIGHT_SERVICES_PROVIDER`, `DOWN_STATION`, `ARVL_TIME`) VALUES ('7E|2029', 'GOAIR', 'NEW DELHI', '9:55:00');
INSERT INTO `FLIGHT_ARVL_TIME` (`FLIGHT_ID`, `FLIGHT_SERVICES_PROVIDER`, `DOWN_STATION`, `ARVL_TIME`) VALUES ('7E|2074', 'GOAIR', 'GOA', '2:30:00');
INSERT INTO `FLIGHT_ARVL_TIME` (`FLIGHT_ID`, `FLIGHT_SERVICES_PROVIDER`, `DOWN_STATION`, `ARVL_TIME`) VALUES ('7E|2082', 'GOAIR', 'PURI', '22:50:00');
INSERT INTO `FLIGHT_ARVL_TIME` (`FLIGHT_ID`, `FLIGHT_SERVICES_PROVIDER`, `DOWN_STATION`, `ARVL_TIME`) VALUES ('7E|2101', 'GOAIR', 'AMRITSAR', '5:50:00');
INSERT INTO `FLIGHT_ARVL_TIME` (`FLIGHT_ID`, `FLIGHT_SERVICES_PROVIDER`, `DOWN_STATION`, `ARVL_TIME`) VALUES ('7E|2183', 'GOAIR', 'GAYA', '16:50:00');
INSERT INTO `FLIGHT_ARVL_TIME` (`FLIGHT_ID`, `FLIGHT_SERVICES_PROVIDER`, `DOWN_STATION`, `ARVL_TIME`) VALUES ('7E|2184', 'GOAIR', 'NEW DELHI', '19:05:00');
INSERT INTO `FLIGHT_ARVL_TIME` (`FLIGHT_ID`, `FLIGHT_SERVICES_PROVIDER`, `DOWN_STATION`, `ARVL_TIME`) VALUES ('7E|2196', 'GOAIR', 'NEW DELHI', '22:30:00');
INSERT INTO `FLIGHT_ARVL_TIME` (`FLIGHT_ID`, `FLIGHT_SERVICES_PROVIDER`, `DOWN_STATION`, `ARVL_TIME`) VALUES ('7E|2249', 'GOAIR', 'GAYA', '8:10:00');
INSERT INTO `FLIGHT_ARVL_TIME` (`FLIGHT_ID`, `FLIGHT_SERVICES_PROVIDER`, `DOWN_STATION`, `ARVL_TIME`) VALUES ('7E|226', 'GOAIR', 'JAIPUR', '18:50:00');
INSERT INTO `FLIGHT_ARVL_TIME` (`FLIGHT_ID`, `FLIGHT_SERVICES_PROVIDER`, `DOWN_STATION`, `ARVL_TIME`) VALUES ('7E|2331', 'GOAIR', 'HYDERABAD', '9:00:00');
INSERT INTO `FLIGHT_ARVL_TIME` (`FLIGHT_ID`, `FLIGHT_SERVICES_PROVIDER`, `DOWN_STATION`, `ARVL_TIME`) VALUES ('7E|2339', 'GOAIR', 'NEW DELHI', '15:20:00');
INSERT INTO `FLIGHT_ARVL_TIME` (`FLIGHT_ID`, `FLIGHT_SERVICES_PROVIDER`, `DOWN_STATION`, `ARVL_TIME`) VALUES ('7E|2343', 'GOAIR', 'PUNE', '4:20:00');
INSERT INTO `FLIGHT_ARVL_TIME` (`FLIGHT_ID`, `FLIGHT_SERVICES_PROVIDER`, `DOWN_STATION`, `ARVL_TIME`) VALUES ('7E|2349', 'GOAIR', 'NEW DELHI', '1:05:00');
INSERT INTO `FLIGHT_ARVL_TIME` (`FLIGHT_ID`, `FLIGHT_SERVICES_PROVIDER`, `DOWN_STATION`, `ARVL_TIME`) VALUES ('7E|2364', 'GOAIR', 'NEW DELHI', '12:15:00');

INSERT INTO `FLIGHT_DEPT_TIME` (`FLIGHT_ID`, `FLIGHT_SERVICES_PROVIDER`, `UP_STATION`, `DEPT_TIME`) VALUES ('7E|118', 'GOAIR', 'HYDERABAD', '21:55:00');
INSERT INTO `FLIGHT_DEPT_TIME` (`FLIGHT_ID`, `FLIGHT_SERVICES_PROVIDER`, `UP_STATION`, `DEPT_TIME`) VALUES ('7E|119', 'GOAIR', 'JAIPUR', '12:50:00');
INSERT INTO `FLIGHT_DEPT_TIME` (`FLIGHT_ID`, `FLIGHT_SERVICES_PROVIDER`, `UP_STATION`, `DEPT_TIME`) VALUES ('7E|124', 'GOAIR', 'NEW DELHI', '12:55:00');
INSERT INTO `FLIGHT_DEPT_TIME` (`FLIGHT_ID`, `FLIGHT_SERVICES_PROVIDER`, `UP_STATION`, `DEPT_TIME`) VALUES ('7E|139', 'GOAIR', 'KOLKATA', '7:30:00');
INSERT INTO `FLIGHT_DEPT_TIME` (`FLIGHT_ID`, `FLIGHT_SERVICES_PROVIDER`, `UP_STATION`, `DEPT_TIME`) VALUES ('7E|154', 'GOAIR', 'MUMBAI', '3:05:00');
INSERT INTO `FLIGHT_DEPT_TIME` (`FLIGHT_ID`, `FLIGHT_SERVICES_PROVIDER`, `UP_STATION`, `DEPT_TIME`) VALUES ('7E|171', 'GOAIR', 'NEW DELHI', '2:00:00');
INSERT INTO `FLIGHT_DEPT_TIME` (`FLIGHT_ID`, `FLIGHT_SERVICES_PROVIDER`, `UP_STATION`, `DEPT_TIME`) VALUES ('7E|187', 'GOAIR', 'JAIPUR', '15:40:00');
INSERT INTO `FLIGHT_DEPT_TIME` (`FLIGHT_ID`, `FLIGHT_SERVICES_PROVIDER`, `UP_STATION`, `DEPT_TIME`) VALUES ('7E|199', 'GOAIR', 'HYDERABAD', '6:15:00');
INSERT INTO `FLIGHT_DEPT_TIME` (`FLIGHT_ID`, `FLIGHT_SERVICES_PROVIDER`, `UP_STATION`, `DEPT_TIME`) VALUES ('7E|2025', 'GOAIR', 'BENGALURU', '4:40:00');
INSERT INTO `FLIGHT_DEPT_TIME` (`FLIGHT_ID`, `FLIGHT_SERVICES_PROVIDER`, `UP_STATION`, `DEPT_TIME`) VALUES ('7E|2029', 'GOAIR', 'GAYA', '8:40:00');
INSERT INTO `FLIGHT_DEPT_TIME` (`FLIGHT_ID`, `FLIGHT_SERVICES_PROVIDER`, `UP_STATION`, `DEPT_TIME`) VALUES ('7E|2074', 'GOAIR', 'NEW DELHI', '0:05:00');
INSERT INTO `FLIGHT_DEPT_TIME` (`FLIGHT_ID`, `FLIGHT_SERVICES_PROVIDER`, `UP_STATION`, `DEPT_TIME`) VALUES ('7E|2082', 'GOAIR', 'NEW DELHI', '20:00:00');
INSERT INTO `FLIGHT_DEPT_TIME` (`FLIGHT_ID`, `FLIGHT_SERVICES_PROVIDER`, `UP_STATION`, `DEPT_TIME`) VALUES ('7E|2101', 'GOAIR', 'GOA', '3:15:00');
INSERT INTO `FLIGHT_DEPT_TIME` (`FLIGHT_ID`, `FLIGHT_SERVICES_PROVIDER`, `UP_STATION`, `DEPT_TIME`) VALUES ('7E|2183', 'GOAIR', 'NEW DELHI', '15:10:00');
INSERT INTO `FLIGHT_DEPT_TIME` (`FLIGHT_ID`, `FLIGHT_SERVICES_PROVIDER`, `UP_STATION`, `DEPT_TIME`) VALUES ('7E|2184', 'GOAIR', 'GAYA', '17:20:00');
INSERT INTO `FLIGHT_DEPT_TIME` (`FLIGHT_ID`, `FLIGHT_SERVICES_PROVIDER`, `UP_STATION`, `DEPT_TIME`) VALUES ('7E|2196', 'GOAIR', 'GAYA', '20:35:00');
INSERT INTO `FLIGHT_DEPT_TIME` (`FLIGHT_ID`, `FLIGHT_SERVICES_PROVIDER`, `UP_STATION`, `DEPT_TIME`) VALUES ('7E|2249', 'GOAIR', 'NEW DELHI', '6:45:00');
INSERT INTO `FLIGHT_DEPT_TIME` (`FLIGHT_ID`, `FLIGHT_SERVICES_PROVIDER`, `UP_STATION`, `DEPT_TIME`) VALUES ('7E|226', 'GOAIR', 'MUMBAI', '17:25:00');
INSERT INTO `FLIGHT_DEPT_TIME` (`FLIGHT_ID`, `FLIGHT_SERVICES_PROVIDER`, `UP_STATION`, `DEPT_TIME`) VALUES ('7E|2331', 'GOAIR', 'NEW DELHI', '6:45:00');
INSERT INTO `FLIGHT_DEPT_TIME` (`FLIGHT_ID`, `FLIGHT_SERVICES_PROVIDER`, `UP_STATION`, `DEPT_TIME`) VALUES ('7E|2339', 'GOAIR', 'JAIPUR', '14:20:00');

INSERT INTO `FLIGHT_DEPT_DATE` (`FLIGHT_ID`, `FLIGHT_DEPT_DATE`, `FLIGHT_ARVL_DATE`) VALUES ('7E|118', '2022-02-25', '2022-02-25');
INSERT INTO `FLIGHT_DEPT_DATE` (`FLIGHT_ID`, `FLIGHT_DEPT_DATE`, `FLIGHT_ARVL_DATE`) VALUES ('7E|118', '2022-02-24', '2022-02-24');
INSERT INTO `FLIGHT_DEPT_DATE` (`FLIGHT_ID`, `FLIGHT_DEPT_DATE`, `FLIGHT_ARVL_DATE`) VALUES ('7E|119', '2022-02-24', '2022-02-24');
INSERT INTO `FLIGHT_DEPT_DATE` (`FLIGHT_ID`, `FLIGHT_DEPT_DATE`, `FLIGHT_ARVL_DATE`) VALUES ('7E|124', '2022-02-24', '2022-02-24');
INSERT INTO `FLIGHT_DEPT_DATE` (`FLIGHT_ID`, `FLIGHT_DEPT_DATE`, `FLIGHT_ARVL_DATE`) VALUES ('7E|139', '2022-02-24', '2022-02-24');
INSERT INTO `FLIGHT_DEPT_DATE` (`FLIGHT_ID`, `FLIGHT_DEPT_DATE`, `FLIGHT_ARVL_DATE`) VALUES ('7E|154', '2022-02-24', '2022-02-24');
INSERT INTO `FLIGHT_DEPT_DATE` (`FLIGHT_ID`, `FLIGHT_DEPT_DATE`, `FLIGHT_ARVL_DATE`) VALUES ('7E|171', '2022-02-24', '2022-02-24');
INSERT INTO `FLIGHT_DEPT_DATE` (`FLIGHT_ID`, `FLIGHT_DEPT_DATE`, `FLIGHT_ARVL_DATE`) VALUES ('7E|187', '2022-02-24', '2022-02-24');
INSERT INTO `FLIGHT_DEPT_DATE` (`FLIGHT_ID`, `FLIGHT_DEPT_DATE`, `FLIGHT_ARVL_DATE`) VALUES ('7E|199', '2022-02-24', '2022-02-24');
INSERT INTO `FLIGHT_DEPT_DATE` (`FLIGHT_ID`, `FLIGHT_DEPT_DATE`, `FLIGHT_ARVL_DATE`) VALUES ('7E|2025', '2022-02-25', '2022-02-25');
INSERT INTO `FLIGHT_DEPT_DATE` (`FLIGHT_ID`, `FLIGHT_DEPT_DATE`, `FLIGHT_ARVL_DATE`) VALUES ('7E|2025', '2022-02-24', '2022-02-24');
INSERT INTO `FLIGHT_DEPT_DATE` (`FLIGHT_ID`, `FLIGHT_DEPT_DATE`, `FLIGHT_ARVL_DATE`) VALUES ('7E|2029', '2022-02-24', '2022-02-24');
INSERT INTO `FLIGHT_DEPT_DATE` (`FLIGHT_ID`, `FLIGHT_DEPT_DATE`, `FLIGHT_ARVL_DATE`) VALUES ('7E|2074', '2022-02-24', '2022-02-24');
INSERT INTO `FLIGHT_DEPT_DATE` (`FLIGHT_ID`, `FLIGHT_DEPT_DATE`, `FLIGHT_ARVL_DATE`) VALUES ('7E|2082', '2022-02-24', '2022-02-24');
INSERT INTO `FLIGHT_DEPT_DATE` (`FLIGHT_ID`, `FLIGHT_DEPT_DATE`, `FLIGHT_ARVL_DATE`) VALUES ('7E|2101', '2022-02-24', '2022-02-24');
INSERT INTO `FLIGHT_DEPT_DATE` (`FLIGHT_ID`, `FLIGHT_DEPT_DATE`, `FLIGHT_ARVL_DATE`) VALUES ('7E|2183', '2022-02-24', '2022-02-24');
INSERT INTO `FLIGHT_DEPT_DATE` (`FLIGHT_ID`, `FLIGHT_DEPT_DATE`, `FLIGHT_ARVL_DATE`) VALUES ('7E|2184', '2022-02-24', '2022-02-24');
INSERT INTO `FLIGHT_DEPT_DATE` (`FLIGHT_ID`, `FLIGHT_DEPT_DATE`, `FLIGHT_ARVL_DATE`) VALUES ('7E|2196', '2022-02-25', '2022-02-25');
INSERT INTO `FLIGHT_DEPT_DATE` (`FLIGHT_ID`, `FLIGHT_DEPT_DATE`, `FLIGHT_ARVL_DATE`) VALUES ('7E|2249', '2022-02-24', '2022-02-24');
INSERT INTO `FLIGHT_DEPT_DATE` (`FLIGHT_ID`, `FLIGHT_DEPT_DATE`, `FLIGHT_ARVL_DATE`) VALUES ('7E|226', '2022-02-24', '2022-02-24');
INSERT INTO `FLIGHT_DEPT_DATE` (`FLIGHT_ID`, `FLIGHT_DEPT_DATE`, `FLIGHT_ARVL_DATE`) VALUES ('7E|2331', '2022-02-24', '2022-02-24');
INSERT INTO `FLIGHT_DEPT_DATE` (`FLIGHT_ID`, `FLIGHT_DEPT_DATE`, `FLIGHT_ARVL_DATE`) VALUES ('7E|2339', '2022-02-24', '2022-02-24');
INSERT INTO `FLIGHT_DEPT_DATE` (`FLIGHT_ID`, `FLIGHT_DEPT_DATE`, `FLIGHT_ARVL_DATE`) VALUES ('7E|2343', '2022-02-24', '2022-02-24');
INSERT INTO `FLIGHT_DEPT_DATE` (`FLIGHT_ID`, `FLIGHT_DEPT_DATE`, `FLIGHT_ARVL_DATE`) VALUES ('7E|2349', '2022-02-24', '2022-02-24');
INSERT INTO `FLIGHT_DEPT_DATE` (`FLIGHT_ID`, `FLIGHT_DEPT_DATE`, `FLIGHT_ARVL_DATE`) VALUES ('7E|2364', '2022-02-24', '2022-02-24');



INSERT INTO `FLIGHT_JOURNEY_HR` (`FLIGHT_ID`, `FLIGHT_SERVICES_PROVIDER`, `UP_STATION`, `DOWN_STATION`, `JOURNEY_HR`) VALUES ('7E|118', 'GOAIR', 'HYDERABAD', 'MUMBAI', '1:10:00');
INSERT INTO `FLIGHT_JOURNEY_HR` (`FLIGHT_ID`, `FLIGHT_SERVICES_PROVIDER`, `UP_STATION`, `DOWN_STATION`, `JOURNEY_HR`) VALUES ('7E|118', 'GOAIR', 'HYDERABAD', 'AMRITSAR', '1:10:00');
INSERT INTO `FLIGHT_JOURNEY_HR` (`FLIGHT_ID`, `FLIGHT_SERVICES_PROVIDER`, `UP_STATION`, `DOWN_STATION`, `JOURNEY_HR`) VALUES ('7E|119', 'GOAIR', 'JAIPUR', 'CHENNAI', '3:05:00');
INSERT INTO `FLIGHT_JOURNEY_HR` (`FLIGHT_ID`, `FLIGHT_SERVICES_PROVIDER`, `UP_STATION`, `DOWN_STATION`, `JOURNEY_HR`) VALUES ('7E|124', 'GOAIR', 'NEW DELHI', 'NEW DELHI', '1:35:00');
INSERT INTO `FLIGHT_JOURNEY_HR` (`FLIGHT_ID`, `FLIGHT_SERVICES_PROVIDER`, `UP_STATION`, `DOWN_STATION`, `JOURNEY_HR`) VALUES ('7E|139', 'GOAIR', 'KOLKATA', 'MUMBAI', '2:50:00');
INSERT INTO `FLIGHT_JOURNEY_HR` (`FLIGHT_ID`, `FLIGHT_SERVICES_PROVIDER`, `UP_STATION`, `DOWN_STATION`, `JOURNEY_HR`) VALUES ('7E|154', 'GOAIR', 'MUMBAI', 'NEW DELHI', '2:05:00');
INSERT INTO `FLIGHT_JOURNEY_HR` (`FLIGHT_ID`, `FLIGHT_SERVICES_PROVIDER`, `UP_STATION`, `DOWN_STATION`, `JOURNEY_HR`) VALUES ('7E|171', 'GOAIR', 'NEW DELHI', 'MUMBAI', '2:10:00');
INSERT INTO `FLIGHT_JOURNEY_HR` (`FLIGHT_ID`, `FLIGHT_SERVICES_PROVIDER`, `UP_STATION`, `DOWN_STATION`, `JOURNEY_HR`) VALUES ('7E|187', 'GOAIR', 'JAIPUR', 'HYDERABAD', '2:45:00');
INSERT INTO `FLIGHT_JOURNEY_HR` (`FLIGHT_ID`, `FLIGHT_SERVICES_PROVIDER`, `UP_STATION`, `DOWN_STATION`, `JOURNEY_HR`) VALUES ('7E|199', 'GOAIR', 'HYDERABAD', 'MUMBAI', '1:30:00');
INSERT INTO `FLIGHT_JOURNEY_HR` (`FLIGHT_ID`, `FLIGHT_SERVICES_PROVIDER`, `UP_STATION`, `DOWN_STATION`, `JOURNEY_HR`) VALUES ('7E|2025', 'GOAIR', 'BENGALURU', 'AMRITSAR', '2:55:00');
INSERT INTO `FLIGHT_JOURNEY_HR` (`FLIGHT_ID`, `FLIGHT_SERVICES_PROVIDER`, `UP_STATION`, `DOWN_STATION`, `JOURNEY_HR`) VALUES ('7E|2025', 'GOAIR', 'BENGALURU', 'NEW DELHI', '2:55:00');
INSERT INTO `FLIGHT_JOURNEY_HR` (`FLIGHT_ID`, `FLIGHT_SERVICES_PROVIDER`, `UP_STATION`, `DOWN_STATION`, `JOURNEY_HR`) VALUES ('7E|2029', 'GOAIR', 'GAYA', 'NEW DELHI', '1:15:00');
INSERT INTO `FLIGHT_JOURNEY_HR` (`FLIGHT_ID`, `FLIGHT_SERVICES_PROVIDER`, `UP_STATION`, `DOWN_STATION`, `JOURNEY_HR`) VALUES ('7E|2074', 'GOAIR', 'NEW DELHI', 'GOA', '2:25:00');
INSERT INTO `FLIGHT_JOURNEY_HR` (`FLIGHT_ID`, `FLIGHT_SERVICES_PROVIDER`, `UP_STATION`, `DOWN_STATION`, `JOURNEY_HR`) VALUES ('7E|2082', 'GOAIR', 'NEW DELHI', 'PURI', '2:50:00');
INSERT INTO `FLIGHT_JOURNEY_HR` (`FLIGHT_ID`, `FLIGHT_SERVICES_PROVIDER`, `UP_STATION`, `DOWN_STATION`, `JOURNEY_HR`) VALUES ('7E|2101', 'GOAIR', 'GOA', 'AMRITSAR', '2:35:00');
INSERT INTO `FLIGHT_JOURNEY_HR` (`FLIGHT_ID`, `FLIGHT_SERVICES_PROVIDER`, `UP_STATION`, `DOWN_STATION`, `JOURNEY_HR`) VALUES ('7E|2183', 'GOAIR', 'NEW DELHI', 'GAYA', '1:40:00');
INSERT INTO `FLIGHT_JOURNEY_HR` (`FLIGHT_ID`, `FLIGHT_SERVICES_PROVIDER`, `UP_STATION`, `DOWN_STATION`, `JOURNEY_HR`) VALUES ('7E|2184', 'GOAIR', 'GAYA', 'NEW DELHI', '1:45:00');
INSERT INTO `FLIGHT_JOURNEY_HR` (`FLIGHT_ID`, `FLIGHT_SERVICES_PROVIDER`, `UP_STATION`, `DOWN_STATION`, `JOURNEY_HR`) VALUES ('7E|2196', 'GOAIR', 'GAYA', 'NEW DELHI', '1:55:00');
INSERT INTO `FLIGHT_JOURNEY_HR` (`FLIGHT_ID`, `FLIGHT_SERVICES_PROVIDER`, `UP_STATION`, `DOWN_STATION`, `JOURNEY_HR`) VALUES ('7E|2249', 'GOAIR', 'NEW DELHI', 'GAYA', '1:25:00');
INSERT INTO `FLIGHT_JOURNEY_HR` (`FLIGHT_ID`, `FLIGHT_SERVICES_PROVIDER`, `UP_STATION`, `DOWN_STATION`, `JOURNEY_HR`) VALUES ('7E|226', 'GOAIR', 'MUMBAI', 'JAIPUR', '1:25:00');
INSERT INTO `FLIGHT_JOURNEY_HR` (`FLIGHT_ID`, `FLIGHT_SERVICES_PROVIDER`, `UP_STATION`, `DOWN_STATION`, `JOURNEY_HR`) VALUES ('7E|2331', 'GOAIR', 'NEW DELHI', 'HYDERABAD', '2:15:00');
INSERT INTO `FLIGHT_JOURNEY_HR` (`FLIGHT_ID`, `FLIGHT_SERVICES_PROVIDER`, `UP_STATION`, `DOWN_STATION`, `JOURNEY_HR`) VALUES ('7E|2339', 'GOAIR', 'JAIPUR', 'NEW DELHI', '1:00:00');
INSERT INTO `FLIGHT_JOURNEY_HR` (`FLIGHT_ID`, `FLIGHT_SERVICES_PROVIDER`, `UP_STATION`, `DOWN_STATION`, `JOURNEY_HR`) VALUES ('7E|2343', 'GOAIR', 'NEW DELHI', 'PUNE', '2:05:00');
INSERT INTO `FLIGHT_JOURNEY_HR` (`FLIGHT_ID`, `FLIGHT_SERVICES_PROVIDER`, `UP_STATION`, `DOWN_STATION`, `JOURNEY_HR`) VALUES ('7E|2349', 'GOAIR', 'HYDERABAD', 'NEW DELHI', '2:15:00');
INSERT INTO `FLIGHT_JOURNEY_HR` (`FLIGHT_ID`, `FLIGHT_SERVICES_PROVIDER`, `UP_STATION`, `DOWN_STATION`, `JOURNEY_HR`) VALUES ('7E|2364', 'GOAIR', 'NEW DELHI', 'NEW DELHI', '1:35:00');


INSERT INTO `FLIGHT_ECONOMY_class` (`FLIGHT_ID`, `FLIGHT_SERVICES_PROVIDER`, `UP_STATION`, `DOWN_STATION`, `CLASS`, `FARE`) VALUES ('7E|118', 'GOAIR', 'HYDERABAD', 'MUMBAI', 'ECONOMY', '11778');
INSERT INTO `FLIGHT_ECONOMY_class` (`FLIGHT_ID`, `FLIGHT_SERVICES_PROVIDER`, `UP_STATION`, `DOWN_STATION`, `CLASS`, `FARE`) VALUES ('7E|118', 'GOAIR', 'HYDERABAD', 'AMRITSAR', 'ECONOMY', '13145');
INSERT INTO `FLIGHT_ECONOMY_class` (`FLIGHT_ID`, `FLIGHT_SERVICES_PROVIDER`, `UP_STATION`, `DOWN_STATION`, `CLASS`, `FARE`) VALUES ('7E|119', 'GOAIR', 'JAIPUR', 'CHENNAI', 'ECONOMY', '12076');
INSERT INTO `FLIGHT_ECONOMY_class` (`FLIGHT_ID`, `FLIGHT_SERVICES_PROVIDER`, `UP_STATION`, `DOWN_STATION`, `CLASS`, `FARE`) VALUES ('7E|124', 'GOAIR', 'NEW DELHI', 'NEW DELHI', 'ECONOMY', '14629');
INSERT INTO `FLIGHT_ECONOMY_class` (`FLIGHT_ID`, `FLIGHT_SERVICES_PROVIDER`, `UP_STATION`, `DOWN_STATION`, `CLASS`, `FARE`) VALUES ('7E|139', 'GOAIR', 'KOLKATA', 'MUMBAI', 'ECONOMY', '14730');
INSERT INTO `FLIGHT_ECONOMY_class` (`FLIGHT_ID`, `FLIGHT_SERVICES_PROVIDER`, `UP_STATION`, `DOWN_STATION`, `CLASS`, `FARE`) VALUES ('7E|154', 'GOAIR', 'MUMBAI', 'NEW DELHI', 'ECONOMY', '12655');
INSERT INTO `FLIGHT_ECONOMY_class` (`FLIGHT_ID`, `FLIGHT_SERVICES_PROVIDER`, `UP_STATION`, `DOWN_STATION`, `CLASS`, `FARE`) VALUES ('7E|171', 'GOAIR', 'NEW DELHI', 'MUMBAI', 'ECONOMY', '12804');
INSERT INTO `FLIGHT_ECONOMY_class` (`FLIGHT_ID`, `FLIGHT_SERVICES_PROVIDER`, `UP_STATION`, `DOWN_STATION`, `CLASS`, `FARE`) VALUES ('7E|187', 'GOAIR', 'JAIPUR', 'HYDERABAD', 'ECONOMY', '13567');
INSERT INTO `FLIGHT_ECONOMY_class` (`FLIGHT_ID`, `FLIGHT_SERVICES_PROVIDER`, `UP_STATION`, `DOWN_STATION`, `CLASS`, `FARE`) VALUES ('7E|199', 'GOAIR', 'HYDERABAD', 'MUMBAI', 'ECONOMY', '13311');
INSERT INTO `FLIGHT_ECONOMY_class` (`FLIGHT_ID`, `FLIGHT_SERVICES_PROVIDER`, `UP_STATION`, `DOWN_STATION`, `CLASS`, `FARE`) VALUES ('7E|2025', 'GOAIR', 'BENGALURU', 'AMRITSAR', 'ECONOMY', '13103');
INSERT INTO `FLIGHT_ECONOMY_class` (`FLIGHT_ID`, `FLIGHT_SERVICES_PROVIDER`, `UP_STATION`, `DOWN_STATION`, `CLASS`, `FARE`) VALUES ('7E|2025', 'GOAIR', 'BENGALURU', 'NEW DELHI', 'ECONOMY', '13109');
INSERT INTO `FLIGHT_ECONOMY_class` (`FLIGHT_ID`, `FLIGHT_SERVICES_PROVIDER`, `UP_STATION`, `DOWN_STATION`, `CLASS`, `FARE`) VALUES ('7E|2029', 'GOAIR', 'GAYA', 'NEW DELHI', 'ECONOMY', '12736');
INSERT INTO `FLIGHT_ECONOMY_class` (`FLIGHT_ID`, `FLIGHT_SERVICES_PROVIDER`, `UP_STATION`, `DOWN_STATION`, `CLASS`, `FARE`) VALUES ('7E|2074', 'GOAIR', 'NEW DELHI', 'GOA', 'ECONOMY', '14800');
INSERT INTO `FLIGHT_ECONOMY_class` (`FLIGHT_ID`, `FLIGHT_SERVICES_PROVIDER`, `UP_STATION`, `DOWN_STATION`, `CLASS`, `FARE`) VALUES ('7E|2082', 'GOAIR', 'NEW DELHI', 'PURI', 'ECONOMY', '12950');
INSERT INTO `FLIGHT_ECONOMY_class` (`FLIGHT_ID`, `FLIGHT_SERVICES_PROVIDER`, `UP_STATION`, `DOWN_STATION`, `CLASS`, `FARE`) VALUES ('7E|2101', 'GOAIR', 'GOA', 'AMRITSAR', 'ECONOMY', '13037');
INSERT INTO `FLIGHT_ECONOMY_class` (`FLIGHT_ID`, `FLIGHT_SERVICES_PROVIDER`, `UP_STATION`, `DOWN_STATION`, `CLASS`, `FARE`) VALUES ('7E|2183', 'GOAIR', 'NEW DELHI', 'GAYA', 'ECONOMY', '12068');
INSERT INTO `FLIGHT_ECONOMY_class` (`FLIGHT_ID`, `FLIGHT_SERVICES_PROVIDER`, `UP_STATION`, `DOWN_STATION`, `CLASS`, `FARE`) VALUES ('7E|2184', 'GOAIR', 'GAYA', 'NEW DELHI', 'ECONOMY', '12691');
INSERT INTO `FLIGHT_ECONOMY_class` (`FLIGHT_ID`, `FLIGHT_SERVICES_PROVIDER`, `UP_STATION`, `DOWN_STATION`, `CLASS`, `FARE`) VALUES ('7E|2196', 'GOAIR', 'GAYA', 'NEW DELHI', 'ECONOMY', '14792');
INSERT INTO `FLIGHT_ECONOMY_class` (`FLIGHT_ID`, `FLIGHT_SERVICES_PROVIDER`, `UP_STATION`, `DOWN_STATION`, `CLASS`, `FARE`) VALUES ('7E|2249', 'GOAIR', 'NEW DELHI', 'GAYA', 'ECONOMY', '14123');
INSERT INTO `FLIGHT_ECONOMY_class` (`FLIGHT_ID`, `FLIGHT_SERVICES_PROVIDER`, `UP_STATION`, `DOWN_STATION`, `CLASS`, `FARE`) VALUES ('7E|226', 'GOAIR', 'MUMBAI', 'JAIPUR', 'ECONOMY', '14847');
INSERT INTO `FLIGHT_ECONOMY_class` (`FLIGHT_ID`, `FLIGHT_SERVICES_PROVIDER`, `UP_STATION`, `DOWN_STATION`, `CLASS`, `FARE`) VALUES ('7E|2331', 'GOAIR', 'NEW DELHI', 'HYDERABAD', 'ECONOMY', '13934');
INSERT INTO `FLIGHT_ECONOMY_class` (`FLIGHT_ID`, `FLIGHT_SERVICES_PROVIDER`, `UP_STATION`, `DOWN_STATION`, `CLASS`, `FARE`) VALUES ('7E|2339', 'GOAIR', 'JAIPUR', 'NEW DELHI', 'ECONOMY', '11379');
INSERT INTO `FLIGHT_ECONOMY_class` (`FLIGHT_ID`, `FLIGHT_SERVICES_PROVIDER`, `UP_STATION`, `DOWN_STATION`, `CLASS`, `FARE`) VALUES ('7E|2343', 'GOAIR', 'NEW DELHI', 'PUNE', 'ECONOMY', '12228');
INSERT INTO `FLIGHT_ECONOMY_class` (`FLIGHT_ID`, `FLIGHT_SERVICES_PROVIDER`, `UP_STATION`, `DOWN_STATION`, `CLASS`, `FARE`) VALUES ('7E|2349', 'GOAIR', 'HYDERABAD', 'NEW DELHI', 'ECONOMY', '14344');
INSERT INTO `FLIGHT_ECONOMY_class` (`FLIGHT_ID`, `FLIGHT_SERVICES_PROVIDER`, `UP_STATION`, `DOWN_STATION`, `CLASS`, `FARE`) VALUES ('7E|2364', 'GOAIR', 'NEW DELHI', 'NEW DELHI', 'ECONOMY', '14802');



INSERT INTO `FLIGHT_PRE_ECONOMY` (`FLIGHT_ID`, `FLIGHT_SERVICES_PROVIDER`, `UP_STATION`, `DOWN_STATION`, `CLASS`, `FARE`) VALUES ('7E|118', 'GOAIR', 'HYDERABAD', 'MUMBAI', 'PREMIUMECONOMY', '28183');
INSERT INTO `FLIGHT_PRE_ECONOMY` (`FLIGHT_ID`, `FLIGHT_SERVICES_PROVIDER`, `UP_STATION`, `DOWN_STATION`, `CLASS`, `FARE`) VALUES ('7E|118', 'GOAIR', 'HYDERABAD', 'AMRITSAR', 'PREMIUMECONOMY', '25911');
INSERT INTO `FLIGHT_PRE_ECONOMY` (`FLIGHT_ID`, `FLIGHT_SERVICES_PROVIDER`, `UP_STATION`, `DOWN_STATION`, `CLASS`, `FARE`) VALUES ('7E|119', 'GOAIR', 'JAIPUR', 'CHENNAI', 'PREMIUMECONOMY', '35018');
INSERT INTO `FLIGHT_PRE_ECONOMY` (`FLIGHT_ID`, `FLIGHT_SERVICES_PROVIDER`, `UP_STATION`, `DOWN_STATION`, `CLASS`, `FARE`) VALUES ('7E|124', 'GOAIR', 'NEW DELHI', 'NEW DELHI', 'PREMIUMECONOMY', '25355');
INSERT INTO `FLIGHT_PRE_ECONOMY` (`FLIGHT_ID`, `FLIGHT_SERVICES_PROVIDER`, `UP_STATION`, `DOWN_STATION`, `CLASS`, `FARE`) VALUES ('7E|139', 'GOAIR', 'KOLKATA', 'MUMBAI', 'PREMIUMECONOMY', '31645');
INSERT INTO `FLIGHT_PRE_ECONOMY` (`FLIGHT_ID`, `FLIGHT_SERVICES_PROVIDER`, `UP_STATION`, `DOWN_STATION`, `CLASS`, `FARE`) VALUES ('7E|154', 'GOAIR', 'MUMBAI', 'NEW DELHI', 'PREMIUMECONOMY', '33624');
INSERT INTO `FLIGHT_PRE_ECONOMY` (`FLIGHT_ID`, `FLIGHT_SERVICES_PROVIDER`, `UP_STATION`, `DOWN_STATION`, `CLASS`, `FARE`) VALUES ('7E|171', 'GOAIR', 'NEW DELHI', 'MUMBAI', 'PREMIUMECONOMY', '27705');
INSERT INTO `FLIGHT_PRE_ECONOMY` (`FLIGHT_ID`, `FLIGHT_SERVICES_PROVIDER`, `UP_STATION`, `DOWN_STATION`, `CLASS`, `FARE`) VALUES ('7E|187', 'GOAIR', 'JAIPUR', 'HYDERABAD', 'PREMIUMECONOMY', '31096');
INSERT INTO `FLIGHT_PRE_ECONOMY` (`FLIGHT_ID`, `FLIGHT_SERVICES_PROVIDER`, `UP_STATION`, `DOWN_STATION`, `CLASS`, `FARE`) VALUES ('7E|199', 'GOAIR', 'HYDERABAD', 'MUMBAI', 'PREMIUMECONOMY', '30396');
INSERT INTO `FLIGHT_PRE_ECONOMY` (`FLIGHT_ID`, `FLIGHT_SERVICES_PROVIDER`, `UP_STATION`, `DOWN_STATION`, `CLASS`, `FARE`) VALUES ('7E|2025', 'GOAIR', 'BENGALURU', 'AMRITSAR', 'PREMIUMECONOMY', '25157');
INSERT INTO `FLIGHT_PRE_ECONOMY` (`FLIGHT_ID`, `FLIGHT_SERVICES_PROVIDER`, `UP_STATION`, `DOWN_STATION`, `CLASS`, `FARE`) VALUES ('7E|2025', 'GOAIR', 'BENGALURU', 'NEW DELHI', 'PREMIUMECONOMY', '26852');
INSERT INTO `FLIGHT_PRE_ECONOMY` (`FLIGHT_ID`, `FLIGHT_SERVICES_PROVIDER`, `UP_STATION`, `DOWN_STATION`, `CLASS`, `FARE`) VALUES ('7E|2029', 'GOAIR', 'GAYA', 'NEW DELHI', 'PREMIUMECONOMY', '24250');
INSERT INTO `FLIGHT_PRE_ECONOMY` (`FLIGHT_ID`, `FLIGHT_SERVICES_PROVIDER`, `UP_STATION`, `DOWN_STATION`, `CLASS`, `FARE`) VALUES ('7E|2074', 'GOAIR', 'NEW DELHI', 'GOA', 'PREMIUMECONOMY', '27568');
INSERT INTO `FLIGHT_PRE_ECONOMY` (`FLIGHT_ID`, `FLIGHT_SERVICES_PROVIDER`, `UP_STATION`, `DOWN_STATION`, `CLASS`, `FARE`) VALUES ('7E|2082', 'GOAIR', 'NEW DELHI', 'PURI', 'PREMIUMECONOMY', '29101');
INSERT INTO `FLIGHT_PRE_ECONOMY` (`FLIGHT_ID`, `FLIGHT_SERVICES_PROVIDER`, `UP_STATION`, `DOWN_STATION`, `CLASS`, `FARE`) VALUES ('7E|2101', 'GOAIR', 'GOA', 'AMRITSAR', 'PREMIUMECONOMY', '28270');
INSERT INTO `FLIGHT_PRE_ECONOMY` (`FLIGHT_ID`, `FLIGHT_SERVICES_PROVIDER`, `UP_STATION`, `DOWN_STATION`, `CLASS`, `FARE`) VALUES ('7E|2183', 'GOAIR', 'NEW DELHI', 'GAYA', 'PREMIUMECONOMY', '24864');
INSERT INTO `FLIGHT_PRE_ECONOMY` (`FLIGHT_ID`, `FLIGHT_SERVICES_PROVIDER`, `UP_STATION`, `DOWN_STATION`, `CLASS`, `FARE`) VALUES ('7E|2184', 'GOAIR', 'GAYA', 'NEW DELHI', 'PREMIUMECONOMY', '32603');
INSERT INTO `FLIGHT_PRE_ECONOMY` (`FLIGHT_ID`, `FLIGHT_SERVICES_PROVIDER`, `UP_STATION`, `DOWN_STATION`, `CLASS`, `FARE`) VALUES ('7E|2196', 'GOAIR', 'GAYA', 'NEW DELHI', 'PREMIUMECONOMY', '28840');

INSERT INTO `FLIGHT_FIRST_CLASS` (`FLIGHT_ID`, `FLIGHT_SERVICES_PROVIDER`, `UP_STATION`, `DOWN_STATION`, `CLASS`, `FARE`) VALUES ('7E|118', 'GOAIR', 'HYDERABAD', 'MUMBAI', 'FIRSTCLASS', '8181');
INSERT INTO `FLIGHT_FIRST_CLASS` (`FLIGHT_ID`, `FLIGHT_SERVICES_PROVIDER`, `UP_STATION`, `DOWN_STATION`, `CLASS`, `FARE`) VALUES ('7E|118', 'GOAIR', 'HYDERABAD', 'AMRITSAR', 'FIRSTCLASS', '8181');
INSERT INTO `FLIGHT_FIRST_CLASS` (`FLIGHT_ID`, `FLIGHT_SERVICES_PROVIDER`, `UP_STATION`, `DOWN_STATION`, `CLASS`, `FARE`) VALUES ('7E|119', 'GOAIR', 'JAIPUR', 'CHENNAI', 'FIRSTCLASS', '9239');
INSERT INTO `FLIGHT_FIRST_CLASS` (`FLIGHT_ID`, `FLIGHT_SERVICES_PROVIDER`, `UP_STATION`, `DOWN_STATION`, `CLASS`, `FARE`) VALUES ('7E|124', 'GOAIR', 'NEW DELHI', 'NEW DELHI', 'FIRSTCLASS', '8679');
INSERT INTO `FLIGHT_FIRST_CLASS` (`FLIGHT_ID`, `FLIGHT_SERVICES_PROVIDER`, `UP_STATION`, `DOWN_STATION`, `CLASS`, `FARE`) VALUES ('7E|139', 'GOAIR', 'KOLKATA', 'MUMBAI', 'FIRSTCLASS', '7959');
INSERT INTO `FLIGHT_FIRST_CLASS` (`FLIGHT_ID`, `FLIGHT_SERVICES_PROVIDER`, `UP_STATION`, `DOWN_STATION`, `CLASS`, `FARE`) VALUES ('7E|154', 'GOAIR', 'MUMBAI', 'NEW DELHI', 'FIRSTCLASS', '5943');
INSERT INTO `FLIGHT_FIRST_CLASS` (`FLIGHT_ID`, `FLIGHT_SERVICES_PROVIDER`, `UP_STATION`, `DOWN_STATION`, `CLASS`, `FARE`) VALUES ('7E|171', 'GOAIR', 'NEW DELHI', 'MUMBAI', 'FIRSTCLASS', '5955');
INSERT INTO `FLIGHT_FIRST_CLASS` (`FLIGHT_ID`, `FLIGHT_SERVICES_PROVIDER`, `UP_STATION`, `DOWN_STATION`, `CLASS`, `FARE`) VALUES ('7E|187', 'GOAIR', 'JAIPUR', 'HYDERABAD', 'FIRSTCLASS', '8239');
INSERT INTO `FLIGHT_FIRST_CLASS` (`FLIGHT_ID`, `FLIGHT_SERVICES_PROVIDER`, `UP_STATION`, `DOWN_STATION`, `CLASS`, `FARE`) VALUES ('7E|199', 'GOAIR', 'HYDERABAD', 'MUMBAI', 'FIRSTCLASS', '4453');
INSERT INTO `FLIGHT_FIRST_CLASS` (`FLIGHT_ID`, `FLIGHT_SERVICES_PROVIDER`, `UP_STATION`, `DOWN_STATION`, `CLASS`, `FARE`) VALUES ('7E|2025', 'GOAIR', 'BENGALURU', 'AMRITSAR', 'FIRSTCLASS', '7488');
INSERT INTO `FLIGHT_FIRST_CLASS` (`FLIGHT_ID`, `FLIGHT_SERVICES_PROVIDER`, `UP_STATION`, `DOWN_STATION`, `CLASS`, `FARE`) VALUES ('7E|2025', 'GOAIR', 'BENGALURU', 'NEW DELHI', 'FIRSTCLASS', '7488');
INSERT INTO `FLIGHT_FIRST_CLASS` (`FLIGHT_ID`, `FLIGHT_SERVICES_PROVIDER`, `UP_STATION`, `DOWN_STATION`, `CLASS`, `FARE`) VALUES ('7E|2029', 'GOAIR', 'GAYA', 'NEW DELHI', 'FIRSTCLASS', '8679');
INSERT INTO `FLIGHT_FIRST_CLASS` (`FLIGHT_ID`, `FLIGHT_SERVICES_PROVIDER`, `UP_STATION`, `DOWN_STATION`, `CLASS`, `FARE`) VALUES ('7E|2074', 'GOAIR', 'NEW DELHI', 'GOA', 'FIRSTCLASS', '7425');
INSERT INTO `FLIGHT_FIRST_CLASS` (`FLIGHT_ID`, `FLIGHT_SERVICES_PROVIDER`, `UP_STATION`, `DOWN_STATION`, `CLASS`, `FARE`) VALUES ('7E|2082', 'GOAIR', 'NEW DELHI', 'PURI', 'FIRSTCLASS', '7362');
INSERT INTO `FLIGHT_FIRST_CLASS` (`FLIGHT_ID`, `FLIGHT_SERVICES_PROVIDER`, `UP_STATION`, `DOWN_STATION`, `CLASS`, `FARE`) VALUES ('7E|2101', 'GOAIR', 'GOA', 'AMRITSAR', 'FIRSTCLASS', '5316');
INSERT INTO `FLIGHT_FIRST_CLASS` (`FLIGHT_ID`, `FLIGHT_SERVICES_PROVIDER`, `UP_STATION`, `DOWN_STATION`, `CLASS`, `FARE`) VALUES ('7E|2183', 'GOAIR', 'NEW DELHI', 'GAYA', 'FIRSTCLASS', '10256');
INSERT INTO `FLIGHT_FIRST_CLASS` (`FLIGHT_ID`, `FLIGHT_SERVICES_PROVIDER`, `UP_STATION`, `DOWN_STATION`, `CLASS`, `FARE`) VALUES ('7E|2184', 'GOAIR', 'GAYA', 'NEW DELHI', 'FIRSTCLASS', '5109');
INSERT INTO `FLIGHT_FIRST_CLASS` (`FLIGHT_ID`, `FLIGHT_SERVICES_PROVIDER`, `UP_STATION`, `DOWN_STATION`, `CLASS`, `FARE`) VALUES ('7E|2196', 'GOAIR', 'GAYA', 'NEW DELHI', 'FIRSTCLASS', '10779');


INSERT INTO `FLIGHT_BUSINESS_CLASS` (`FLIGHT_ID`, `FLIGHT_SERVICES_PROVIDER`, `UP_STATION`, `DOWN_STATION`, `CLASS`, `FARE`) VALUES ('7E|118', 'GOAIR', 'HYDERABAD', 'MUMBAI', 'BUSINESS', '34686');
INSERT INTO `FLIGHT_BUSINESS_CLASS` (`FLIGHT_ID`, `FLIGHT_SERVICES_PROVIDER`, `UP_STATION`, `DOWN_STATION`, `CLASS`, `FARE`) VALUES ('7E|118', 'GOAIR', 'HYDERABAD', 'AMRITSAR', 'BUSINESS', '37665');
INSERT INTO `FLIGHT_BUSINESS_CLASS` (`FLIGHT_ID`, `FLIGHT_SERVICES_PROVIDER`, `UP_STATION`, `DOWN_STATION`, `CLASS`, `FARE`) VALUES ('7E|119', 'GOAIR', 'JAIPUR', 'CHENNAI', 'BUSINESS', '32035');
INSERT INTO `FLIGHT_BUSINESS_CLASS` (`FLIGHT_ID`, `FLIGHT_SERVICES_PROVIDER`, `UP_STATION`, `DOWN_STATION`, `CLASS`, `FARE`) VALUES ('7E|124', 'GOAIR', 'NEW DELHI', 'NEW DELHI', 'BUSINESS', '38253');
INSERT INTO `FLIGHT_BUSINESS_CLASS` (`FLIGHT_ID`, `FLIGHT_SERVICES_PROVIDER`, `UP_STATION`, `DOWN_STATION`, `CLASS`, `FARE`) VALUES ('7E|139', 'GOAIR', 'KOLKATA', 'MUMBAI', 'BUSINESS', '39840');
INSERT INTO `FLIGHT_BUSINESS_CLASS` (`FLIGHT_ID`, `FLIGHT_SERVICES_PROVIDER`, `UP_STATION`, `DOWN_STATION`, `CLASS`, `FARE`) VALUES ('7E|154', 'GOAIR', 'MUMBAI', 'NEW DELHI', 'BUSINESS', '32483');
INSERT INTO `FLIGHT_BUSINESS_CLASS` (`FLIGHT_ID`, `FLIGHT_SERVICES_PROVIDER`, `UP_STATION`, `DOWN_STATION`, `CLASS`, `FARE`) VALUES ('7E|171', 'GOAIR', 'NEW DELHI', 'MUMBAI', 'BUSINESS', '33696');
INSERT INTO `FLIGHT_BUSINESS_CLASS` (`FLIGHT_ID`, `FLIGHT_SERVICES_PROVIDER`, `UP_STATION`, `DOWN_STATION`, `CLASS`, `FARE`) VALUES ('7E|187', 'GOAIR', 'JAIPUR', 'HYDERABAD', 'BUSINESS', '32365');
INSERT INTO `FLIGHT_BUSINESS_CLASS` (`FLIGHT_ID`, `FLIGHT_SERVICES_PROVIDER`, `UP_STATION`, `DOWN_STATION`, `CLASS`, `FARE`) VALUES ('7E|199', 'GOAIR', 'HYDERABAD', 'MUMBAI', 'BUSINESS', '32770');
INSERT INTO `FLIGHT_BUSINESS_CLASS` (`FLIGHT_ID`, `FLIGHT_SERVICES_PROVIDER`, `UP_STATION`, `DOWN_STATION`, `CLASS`, `FARE`) VALUES ('7E|2025', 'GOAIR', 'BENGALURU', 'AMRITSAR', 'BUSINESS', '39082');
INSERT INTO `FLIGHT_BUSINESS_CLASS` (`FLIGHT_ID`, `FLIGHT_SERVICES_PROVIDER`, `UP_STATION`, `DOWN_STATION`, `CLASS`, `FARE`) VALUES ('7E|2025', 'GOAIR', 'BENGALURU', 'NEW DELHI', 'BUSINESS', '39423');
INSERT INTO `FLIGHT_BUSINESS_CLASS` (`FLIGHT_ID`, `FLIGHT_SERVICES_PROVIDER`, `UP_STATION`, `DOWN_STATION`, `CLASS`, `FARE`) VALUES ('7E|2029', 'GOAIR', 'GAYA', 'NEW DELHI', 'BUSINESS', '36715');
INSERT INTO `FLIGHT_BUSINESS_CLASS` (`FLIGHT_ID`, `FLIGHT_SERVICES_PROVIDER`, `UP_STATION`, `DOWN_STATION`, `CLASS`, `FARE`) VALUES ('7E|2074', 'GOAIR', 'NEW DELHI', 'GOA', 'BUSINESS', '37597');
INSERT INTO `FLIGHT_BUSINESS_CLASS` (`FLIGHT_ID`, `FLIGHT_SERVICES_PROVIDER`, `UP_STATION`, `DOWN_STATION`, `CLASS`, `FARE`) VALUES ('7E|2082', 'GOAIR', 'NEW DELHI', 'PURI', 'BUSINESS', '32418');
INSERT INTO `FLIGHT_BUSINESS_CLASS` (`FLIGHT_ID`, `FLIGHT_SERVICES_PROVIDER`, `UP_STATION`, `DOWN_STATION`, `CLASS`, `FARE`) VALUES ('7E|2101', 'GOAIR', 'GOA', 'AMRITSAR', 'BUSINESS', '39131');
INSERT INTO `FLIGHT_BUSINESS_CLASS` (`FLIGHT_ID`, `FLIGHT_SERVICES_PROVIDER`, `UP_STATION`, `DOWN_STATION`, `CLASS`, `FARE`) VALUES ('7E|2183', 'GOAIR', 'NEW DELHI', 'GAYA', 'BUSINESS', '36964');
INSERT INTO `FLIGHT_BUSINESS_CLASS` (`FLIGHT_ID`, `FLIGHT_SERVICES_PROVIDER`, `UP_STATION`, `DOWN_STATION`, `CLASS`, `FARE`) VALUES ('7E|2184', 'GOAIR', 'GAYA', 'NEW DELHI', 'BUSINESS', '33370');
INSERT INTO `FLIGHT_BUSINESS_CLASS` (`FLIGHT_ID`, `FLIGHT_SERVICES_PROVIDER`, `UP_STATION`, `DOWN_STATION`, `CLASS`, `FARE`) VALUES ('7E|2196', 'GOAIR', 'GAYA', 'NEW DELHI', 'BUSINESS', '32120');
INSERT INTO `FLIGHT_BUSINESS_CLASS` (`FLIGHT_ID`, `FLIGHT_SERVICES_PROVIDER`, `UP_STATION`, `DOWN_STATION`, `CLASS`, `FARE`) VALUES ('7E|2249', 'GOAIR', 'NEW DELHI', 'GAYA', 'BUSINESS', '32267');
INSERT INTO `FLIGHT_BUSINESS_CLASS` (`FLIGHT_ID`, `FLIGHT_SERVICES_PROVIDER`, `UP_STATION`, `DOWN_STATION`, `CLASS`, `FARE`) VALUES ('7E|226', 'GOAIR', 'MUMBAI', 'JAIPUR', 'BUSINESS', '35463');
INSERT INTO `FLIGHT_BUSINESS_CLASS` (`FLIGHT_ID`, `FLIGHT_SERVICES_PROVIDER`, `UP_STATION`, `DOWN_STATION`, `CLASS`, `FARE`) VALUES ('7E|2331', 'GOAIR', 'NEW DELHI', 'HYDERABAD', 'BUSINESS', '32488');
INSERT INTO `FLIGHT_BUSINESS_CLASS` (`FLIGHT_ID`, `FLIGHT_SERVICES_PROVIDER`, `UP_STATION`, `DOWN_STATION`, `CLASS`, `FARE`) VALUES ('7E|2339', 'GOAIR', 'JAIPUR', 'NEW DELHI', 'BUSINESS', '39743');
INSERT INTO `FLIGHT_BUSINESS_CLASS` (`FLIGHT_ID`, `FLIGHT_SERVICES_PROVIDER`, `UP_STATION`, `DOWN_STATION`, `CLASS`, `FARE`) VALUES ('7E|2343', 'GOAIR', 'NEW DELHI', 'PUNE', 'BUSINESS', '34281');

