use myproject_2;
INSERT INTO `home_stay_ratings` (`LOCALITY_ID`, `HOME_STAY_NAME`, `HOME_STAY_RATING`) VALUES ('1', 'SUNSHINE DORMITORY', '4.1');
INSERT INTO `home_stay_ratings` (`LOCALITY_ID`, `HOME_STAY_NAME`, `HOME_STAY_RATING`) VALUES ('2', 'HAPPY HOMES', '4.2');
INSERT INTO `home_stay_ratings` (`LOCALITY_ID`, `HOME_STAY_NAME`, `HOME_STAY_RATING`) VALUES ('3', 'MADPACKERS AMRITSAR', '4.3');
INSERT INTO `home_stay_ratings` (`LOCALITY_ID`, `HOME_STAY_NAME`, `HOME_STAY_RATING`) VALUES ('4', 'SHINE STAR', '3.9');
INSERT INTO `home_stay_ratings` (`LOCALITY_ID`, `HOME_STAY_NAME`, `HOME_STAY_RATING`) VALUES ('5', 'GO STOP AGRA', '4.3');
INSERT INTO `home_stay_ratings` (`LOCALITY_ID`, `HOME_STAY_NAME`, `HOME_STAY_RATING`) VALUES ('6', 'JOEY\'S HOTEL', '4.2');
INSERT INTO `home_stay_ratings` (`LOCALITY_ID`, `HOME_STAY_NAME`, `HOME_STAY_RATING`) VALUES ('7', 'IXORA SUITS', '4.1');
INSERT INTO `home_stay_ratings` (`LOCALITY_ID`, `HOME_STAY_NAME`, `HOME_STAY_RATING`) VALUES ('8', 'KADACKAL FARMHOUSE', '4.4');
INSERT INTO `home_stay_ratings` (`LOCALITY_ID`, `HOME_STAY_NAME`, `HOME_STAY_RATING`) VALUES ('9', 'KOLAM SERVICED APERTMENT', '4.3');
INSERT INTO `home_stay_ratings` (`LOCALITY_ID`, `HOME_STAY_NAME`, `HOME_STAY_RATING`) VALUES ('10', 'FRIENDLYSTAY', '4.8');
INSERT INTO `home_stay_ratings` (`LOCALITY_ID`, `HOME_STAY_NAME`, `HOME_STAY_RATING`) VALUES ('11', 'GOLDEN PALM SUITS', '4.1');
INSERT INTO `home_stay_ratings` (`LOCALITY_ID`, `HOME_STAY_NAME`, `HOME_STAY_RATING`) VALUES ('12', 'COMFORT POINT', '4.2');
INSERT INTO `home_stay_ratings` (`LOCALITY_ID`, `HOME_STAY_NAME`, `HOME_STAY_RATING`) VALUES ('13', 'MAJESTIC ECO COMFORT', '4.5');
INSERT INTO `home_stay_ratings` (`LOCALITY_ID`, `HOME_STAY_NAME`, `HOME_STAY_RATING`) VALUES ('14', 'AT HOME B&B DONAPAULA', '4.2');
INSERT INTO `home_stay_ratings` (`LOCALITY_ID`, `HOME_STAY_NAME`, `HOME_STAY_RATING`) VALUES ('15', 'AADORONI CENTRAL HOMESTAY', '4.2');
INSERT INTO `home_stay_ratings` (`LOCALITY_ID`, `HOME_STAY_NAME`, `HOME_STAY_RATING`) VALUES ('16', 'TRANQVILLE', '4.1');
INSERT INTO `home_stay_ratings` (`LOCALITY_ID`, `HOME_STAY_NAME`, `HOME_STAY_RATING`) VALUES ('17', 'OAKWOOD RESIDENCE', '4.2');
INSERT INTO `home_stay_ratings` (`LOCALITY_ID`, `HOME_STAY_NAME`, `HOME_STAY_RATING`) VALUES ('18', 'SWAN SUITS', '4');
INSERT INTO `home_stay_ratings` (`LOCALITY_ID`, `HOME_STAY_NAME`, `HOME_STAY_RATING`) VALUES ('19', 'JAIPUR BUNGLOW', '4.6');
INSERT INTO `home_stay_ratings` (`LOCALITY_ID`, `HOME_STAY_NAME`, `HOME_STAY_RATING`) VALUES ('20', 'ZOSTEL JAIPUR', '4.3');

INSERT INTO `home_stay_details` (`LOCALITY_ID`, `HOME_STAY_NAME`, `HOME_STAY_ROOM_TYPE`, `AVL_ROOM`, `GUEST`, `BED_TYPE`, `FARE`, `ROOM_SERVICE`) VALUES ('1', 'SUNSHINE DORMITORY', 'MALE DORMITORY', '6', '1', 'S', '249', 'YES');
INSERT INTO `home_stay_details` (`LOCALITY_ID`, `HOME_STAY_NAME`, `HOME_STAY_ROOM_TYPE`, `AVL_ROOM`, `GUEST`, `BED_TYPE`, `FARE`, `ROOM_SERVICE`) VALUES ('2', 'HAPPY HOMES', 'DELUX  ROOM', '4', '1', 'S', '1840', 'YES');
INSERT INTO `home_stay_details` (`LOCALITY_ID`, `HOME_STAY_NAME`, `HOME_STAY_ROOM_TYPE`, `AVL_ROOM`, `GUEST`, `BED_TYPE`, `FARE`, `ROOM_SERVICE`) VALUES ('3', 'MADPACKERS AMRITSAR', 'SUPERIOR 12  BED', '8', '1', 'S', '410', 'NA');
INSERT INTO `home_stay_details` (`LOCALITY_ID`, `HOME_STAY_NAME`, `HOME_STAY_ROOM_TYPE`, `AVL_ROOM`, `GUEST`, `BED_TYPE`, `FARE`, `ROOM_SERVICE`) VALUES ('3', 'MADPACKERS AMRITSAR', 'STANDERD DOUBLE BED', '9', '1', 'S', '1380', 'YES');
INSERT INTO `home_stay_details` (`LOCALITY_ID`, `HOME_STAY_NAME`, `HOME_STAY_ROOM_TYPE`, `AVL_ROOM`, `GUEST`, `BED_TYPE`, `FARE`, `ROOM_SERVICE`) VALUES ('4', 'SHINE STAR', 'DELUX ROOM AC', '7', '1', 'D', '809', 'YES');
INSERT INTO `home_stay_details` (`LOCALITY_ID`, `HOME_STAY_NAME`, `HOME_STAY_ROOM_TYPE`, `AVL_ROOM`, `GUEST`, `BED_TYPE`, `FARE`, `ROOM_SERVICE`) VALUES ('5', 'GO STOP AGRA', 'BED IN 8 DOORMITORY', '3', '1', 'S', '272', 'YES');
INSERT INTO `home_stay_details` (`LOCALITY_ID`, `HOME_STAY_NAME`, `HOME_STAY_ROOM_TYPE`, `AVL_ROOM`, `GUEST`, `BED_TYPE`, `FARE`, `ROOM_SERVICE`) VALUES ('6', 'JOEY\'S HOTEL', '1 IN 4 BED', '4', '1', 'S', '300', 'NA');
INSERT INTO `home_stay_details` (`LOCALITY_ID`, `HOME_STAY_NAME`, `HOME_STAY_ROOM_TYPE`, `AVL_ROOM`, `GUEST`, `BED_TYPE`, `FARE`, `ROOM_SERVICE`) VALUES ('6', 'JOEY\'S HOTEL', 'QUAD ROOM', '4', '1', 'S', '1182', 'NA');
INSERT INTO `home_stay_details` (`LOCALITY_ID`, `HOME_STAY_NAME`, `HOME_STAY_ROOM_TYPE`, `AVL_ROOM`, `GUEST`, `BED_TYPE`, `FARE`, `ROOM_SERVICE`) VALUES ('7', 'IXORA SUITS', 'DELUX STUDIO', '5', '4', 'D', '1555', 'NA');
INSERT INTO `home_stay_details` (`LOCALITY_ID`, `HOME_STAY_NAME`, `HOME_STAY_ROOM_TYPE`, `AVL_ROOM`, `GUEST`, `BED_TYPE`, `FARE`, `ROOM_SERVICE`) VALUES ('8', 'KADACKAL FARMHOUSE', 'ALPHONSO', '3', '3', 'D', '2708', 'YES');
INSERT INTO `home_stay_details` (`LOCALITY_ID`, `HOME_STAY_NAME`, `HOME_STAY_ROOM_TYPE`, `AVL_ROOM`, `GUEST`, `BED_TYPE`, `FARE`, `ROOM_SERVICE`) VALUES ('9', 'KOLAM SERVICED APERTMENT', 'QUEEN ROOM', '4', '4', 'D', '2122', 'NO');
INSERT INTO `home_stay_details` (`LOCALITY_ID`, `HOME_STAY_NAME`, `HOME_STAY_ROOM_TYPE`, `AVL_ROOM`, `GUEST`, `BED_TYPE`, `FARE`, `ROOM_SERVICE`) VALUES ('9', 'KOLAM SERVICED APERTMENT', 'MASTER ROOM', '5', '4', 'D', '2207', 'NO');
INSERT INTO `home_stay_details` (`LOCALITY_ID`, `HOME_STAY_NAME`, `HOME_STAY_ROOM_TYPE`, `AVL_ROOM`, `GUEST`, `BED_TYPE`, `FARE`, `ROOM_SERVICE`) VALUES ('10', 'FRIENDLYSTAY', 'STANDARD BUDJET ROOM', '9', '2', 'D', '783', 'NO');
INSERT INTO `home_stay_details` (`LOCALITY_ID`, `HOME_STAY_NAME`, `HOME_STAY_ROOM_TYPE`, `AVL_ROOM`, `GUEST`, `BED_TYPE`, `FARE`, `ROOM_SERVICE`) VALUES ('11', 'GOLDEN PALM SUITS', 'DELUXE ROOM', '5', '4', 'D', '1994', 'NO');
INSERT INTO `home_stay_details` (`LOCALITY_ID`, `HOME_STAY_NAME`, `HOME_STAY_ROOM_TYPE`, `AVL_ROOM`, `GUEST`, `BED_TYPE`, `FARE`, `ROOM_SERVICE`) VALUES ('11', 'GOLDEN PALM SUITS', 'SUPER DELUXE ROOM', '4', '4', 'D', '2164', 'NO');
INSERT INTO `home_stay_details` (`LOCALITY_ID`, `HOME_STAY_NAME`, `HOME_STAY_ROOM_TYPE`, `AVL_ROOM`, `GUEST`, `BED_TYPE`, `FARE`, `ROOM_SERVICE`) VALUES ('12', 'COMFORT POINT', 'DELUXE ROOM', '3', '3', 'D', '1150', 'YES');
INSERT INTO `home_stay_details` (`LOCALITY_ID`, `HOME_STAY_NAME`, `HOME_STAY_ROOM_TYPE`, `AVL_ROOM`, `GUEST`, `BED_TYPE`, `FARE`, `ROOM_SERVICE`) VALUES ('12', 'COMFORT POINT', 'SUPER DELUXE ROOM', '6', '3', 'D', '1447', 'YES');
INSERT INTO `home_stay_details` (`LOCALITY_ID`, `HOME_STAY_NAME`, `HOME_STAY_ROOM_TYPE`, `AVL_ROOM`, `GUEST`, `BED_TYPE`, `FARE`, `ROOM_SERVICE`) VALUES ('13', 'MAJESTIC ECO COMFORT', 'PREMIUM ROOM', '6', '4', 'D', '3695', 'YES');
INSERT INTO `home_stay_details` (`LOCALITY_ID`, `HOME_STAY_NAME`, `HOME_STAY_ROOM_TYPE`, `AVL_ROOM`, `GUEST`, `BED_TYPE`, `FARE`, `ROOM_SERVICE`) VALUES ('14', 'AT HOME B&B DONAPAULA', 'SUPERIOR ROOM', '4', '3', 'D', '2372', 'YES');
INSERT INTO `home_stay_details` (`LOCALITY_ID`, `HOME_STAY_NAME`, `HOME_STAY_ROOM_TYPE`, `AVL_ROOM`, `GUEST`, `BED_TYPE`, `FARE`, `ROOM_SERVICE`) VALUES ('14', 'AT HOME B&B DONAPAULA', 'LUXURY ROOM', '5', '3', 'D', '2610', 'YES');
INSERT INTO `home_stay_details` (`LOCALITY_ID`, `HOME_STAY_NAME`, `HOME_STAY_ROOM_TYPE`, `AVL_ROOM`, `GUEST`, `BED_TYPE`, `FARE`, `ROOM_SERVICE`) VALUES ('15', 'AADORONI CENTRAL HOMESTAY', 'DELUXE ROOM', '9', '4', 'D', '859', 'YES');
INSERT INTO `home_stay_details` (`LOCALITY_ID`, `HOME_STAY_NAME`, `HOME_STAY_ROOM_TYPE`, `AVL_ROOM`, `GUEST`, `BED_TYPE`, `FARE`, `ROOM_SERVICE`) VALUES ('15', 'AADORONI CENTRAL HOMESTAY', 'SUPER DELUXE ROOM', '3', '4', 'D', '1216', 'YES');
INSERT INTO `home_stay_details` (`LOCALITY_ID`, `HOME_STAY_NAME`, `HOME_STAY_ROOM_TYPE`, `AVL_ROOM`, `GUEST`, `BED_TYPE`, `FARE`, `ROOM_SERVICE`) VALUES ('16', 'TRANQVILLE', 'FAMILY  WITH BALCONY', '8', '4', 'D', '1042', 'YES');
INSERT INTO `home_stay_details` (`LOCALITY_ID`, `HOME_STAY_NAME`, `HOME_STAY_ROOM_TYPE`, `AVL_ROOM`, `GUEST`, `BED_TYPE`, `FARE`, `ROOM_SERVICE`) VALUES ('17', 'OAKWOOD RESIDENCE', 'STUDIO SUPERIOR', '4', '4', 'D', '4500', 'NO');
INSERT INTO `home_stay_details` (`LOCALITY_ID`, `HOME_STAY_NAME`, `HOME_STAY_ROOM_TYPE`, `AVL_ROOM`, `GUEST`, `BED_TYPE`, `FARE`, `ROOM_SERVICE`) VALUES ('17', 'OAKWOOD RESIDENCE', 'PREMIER ROOM', '5', '4', 'D', '6970', 'NO');
INSERT INTO `home_stay_details` (`LOCALITY_ID`, `HOME_STAY_NAME`, `HOME_STAY_ROOM_TYPE`, `AVL_ROOM`, `GUEST`, `BED_TYPE`, `FARE`, `ROOM_SERVICE`) VALUES ('17', 'OAKWOOD RESIDENCE', '1 BEDROOM DELUX', '2', '4', 'D', '8075', 'NO');
INSERT INTO `home_stay_details` (`LOCALITY_ID`, `HOME_STAY_NAME`, `HOME_STAY_ROOM_TYPE`, `AVL_ROOM`, `GUEST`, `BED_TYPE`, `FARE`, `ROOM_SERVICE`) VALUES ('18', 'SWAN SUITS', 'PREMIUM ROOM', '4', '4', 'D', '1207', 'NO');
INSERT INTO `home_stay_details` (`LOCALITY_ID`, `HOME_STAY_NAME`, `HOME_STAY_ROOM_TYPE`, `AVL_ROOM`, `GUEST`, `BED_TYPE`, `FARE`, `ROOM_SERVICE`) VALUES ('19', 'JAIPUR BUNGLOW', 'BLUE POTTERY 3', '5', '2', 'D', '1397', 'NO');
INSERT INTO `home_stay_details` (`LOCALITY_ID`, `HOME_STAY_NAME`, `HOME_STAY_ROOM_TYPE`, `AVL_ROOM`, `GUEST`, `BED_TYPE`, `FARE`, `ROOM_SERVICE`) VALUES ('19', 'JAIPUR BUNGLOW', 'BLUE POTTERY 1', '8', '3', 'D', '1747', 'NO');
INSERT INTO `home_stay_details` (`LOCALITY_ID`, `HOME_STAY_NAME`, `HOME_STAY_ROOM_TYPE`, `AVL_ROOM`, `GUEST`, `BED_TYPE`, `FARE`, `ROOM_SERVICE`) VALUES ('20', 'ZOSTEL JAIPUR', 'MIXED DROM 1 IN 4', '7', '1', 'S', '399', 'YES');




INSERT INTO `home_stay_room_size` (`LOCALITY_ID`, `HOME_STAY_NAME`, `HOME_ROOM_SIZE`) VALUES ('1', 'SUNSHINE DORMITORY', '120');
INSERT INTO `home_stay_room_size` (`LOCALITY_ID`, `HOME_STAY_NAME`, `HOME_ROOM_SIZE`) VALUES ('2', 'HAPPY HOMES', '162');
INSERT INTO `home_stay_room_size` (`LOCALITY_ID`, `HOME_STAY_NAME`, `HOME_ROOM_SIZE`) VALUES ('3', 'MADPACKERS AMRITSAR', '120');
INSERT INTO `home_stay_room_size` (`LOCALITY_ID`, `HOME_STAY_NAME`, `HOME_ROOM_SIZE`) VALUES ('3', 'MADPACKERS AMRITSAR', '192');
INSERT INTO `home_stay_room_size` (`LOCALITY_ID`, `HOME_STAY_NAME`, `HOME_ROOM_SIZE`) VALUES ('4', 'SHINE STAR', '192');
INSERT INTO `home_stay_room_size` (`LOCALITY_ID`, `HOME_STAY_NAME`, `HOME_ROOM_SIZE`) VALUES ('5', 'GO STOP AGRA', '120');
INSERT INTO `home_stay_room_size` (`LOCALITY_ID`, `HOME_STAY_NAME`, `HOME_ROOM_SIZE`) VALUES ('6', 'JOEY\'S HOTEL', '196');
INSERT INTO `home_stay_room_size` (`LOCALITY_ID`, `HOME_STAY_NAME`, `HOME_ROOM_SIZE`) VALUES ('7', 'IXORA SUITS', '262');
INSERT INTO `home_stay_room_size` (`LOCALITY_ID`, `HOME_STAY_NAME`, `HOME_ROOM_SIZE`) VALUES ('8', 'KADACKAL FARMHOUSE', '222');
INSERT INTO `home_stay_room_size` (`LOCALITY_ID`, `HOME_STAY_NAME`, `HOME_ROOM_SIZE`) VALUES ('9', 'KOLAM SERVICED APERTMENT', '264');
INSERT INTO `home_stay_room_size` (`LOCALITY_ID`, `HOME_STAY_NAME`, `HOME_ROOM_SIZE`) VALUES ('10', 'FRIENDLYSTAY', '192');
INSERT INTO `home_stay_room_size` (`LOCALITY_ID`, `HOME_STAY_NAME`, `HOME_ROOM_SIZE`) VALUES ('11', 'GOLDEN PALM SUITS', '264');
INSERT INTO `home_stay_room_size` (`LOCALITY_ID`, `HOME_STAY_NAME`, `HOME_ROOM_SIZE`) VALUES ('12', 'COMFORT POINT', '196');
INSERT INTO `home_stay_room_size` (`LOCALITY_ID`, `HOME_STAY_NAME`, `HOME_ROOM_SIZE`) VALUES ('13', 'MAJESTIC ECO COMFORT', '600');
INSERT INTO `home_stay_room_size` (`LOCALITY_ID`, `HOME_STAY_NAME`, `HOME_ROOM_SIZE`) VALUES ('14', 'AT HOME B&B DONAPAULA', '300');
INSERT INTO `home_stay_room_size` (`LOCALITY_ID`, `HOME_STAY_NAME`, `HOME_ROOM_SIZE`) VALUES ('14', 'AT HOME B&B DONAPAULA', '462');
INSERT INTO `home_stay_room_size` (`LOCALITY_ID`, `HOME_STAY_NAME`, `HOME_ROOM_SIZE`) VALUES ('15', 'AADORONI CENTRAL HOMESTAY', '196');
INSERT INTO `home_stay_room_size` (`LOCALITY_ID`, `HOME_STAY_NAME`, `HOME_ROOM_SIZE`) VALUES ('15', 'AADORONI CENTRAL HOMESTAY', '144');
INSERT INTO `home_stay_room_size` (`LOCALITY_ID`, `HOME_STAY_NAME`, `HOME_ROOM_SIZE`) VALUES ('16', 'TRANQVILLE', '150');
INSERT INTO `home_stay_room_size` (`LOCALITY_ID`, `HOME_STAY_NAME`, `HOME_ROOM_SIZE`) VALUES ('17', 'OAKWOOD RESIDENCE', '380');
INSERT INTO `home_stay_room_size` (`LOCALITY_ID`, `HOME_STAY_NAME`, `HOME_ROOM_SIZE`) VALUES ('17', 'OAKWOOD RESIDENCE', '472');
INSERT INTO `home_stay_room_size` (`LOCALITY_ID`, `HOME_STAY_NAME`, `HOME_ROOM_SIZE`) VALUES ('18', 'SWAN SUITS', '196');
INSERT INTO `home_stay_room_size` (`LOCALITY_ID`, `HOME_STAY_NAME`, `HOME_ROOM_SIZE`) VALUES ('19', 'JAIPUR BUNGLOW', '300');
INSERT INTO `home_stay_room_size` (`LOCALITY_ID`, `HOME_STAY_NAME`, `HOME_ROOM_SIZE`) VALUES ('19', 'JAIPUR BUNGLOW', '462');
INSERT INTO `home_stay_room_size` (`LOCALITY_ID`, `HOME_STAY_NAME`, `HOME_ROOM_SIZE`) VALUES ('19', 'JAIPUR BUNGLOW', '600');
INSERT INTO `home_stay_room_size` (`LOCALITY_ID`, `HOME_STAY_NAME`, `HOME_ROOM_SIZE`) VALUES ('20', 'ZOSTEL JAIPUR', '192');
INSERT INTO `home_stay_room_size` (`LOCALITY_ID`, `HOME_STAY_NAME`, `HOME_ROOM_SIZE`) VALUES ('20', 'ZOSTEL JAIPUR', '120');

INSERT INTO `home_stay_facility` (`LOCALITY_ID`, `HOME_STAY_NAME`, `LOCALITY_NAME`, `ROOM_TYPE`, `ROOM_FACILITY`) VALUES ('2', 'HAPPY HOMES', 'SHERKOTDA', 'DELUX  ROOM', 'AC');
INSERT INTO `home_stay_facility` (`LOCALITY_ID`, `HOME_STAY_NAME`, `LOCALITY_NAME`, `ROOM_TYPE`, `ROOM_FACILITY`) VALUES ('4', 'SHINE STAR', 'AMRITSAR', 'DELUX ROOM AC', 'AC');
INSERT INTO `home_stay_facility` (`LOCALITY_ID`, `HOME_STAY_NAME`, `LOCALITY_NAME`, `ROOM_TYPE`, `ROOM_FACILITY`) VALUES ('5', 'GO STOP AGRA', 'FATEHBAD ROAD', 'BED 6 MIX AC', 'AC');
INSERT INTO `home_stay_facility` (`LOCALITY_ID`, `HOME_STAY_NAME`, `LOCALITY_NAME`, `ROOM_TYPE`, `ROOM_FACILITY`) VALUES ('5', 'GO STOP AGRA', 'FATEHBAD ROAD', 'PRIVET AC', 'AC');
INSERT INTO `home_stay_facility` (`LOCALITY_ID`, `HOME_STAY_NAME`, `LOCALITY_NAME`, `ROOM_TYPE`, `ROOM_FACILITY`) VALUES ('8', 'KADACKAL FARMHOUSE', 'BYLAKERE', 'ALPHONSO', 'AC');
INSERT INTO `home_stay_facility` (`LOCALITY_ID`, `HOME_STAY_NAME`, `LOCALITY_NAME`, `ROOM_TYPE`, `ROOM_FACILITY`) VALUES ('8', 'KADACKAL FARMHOUSE', 'BYLAKERE', 'MALLIKA', 'AC');
INSERT INTO `home_stay_facility` (`LOCALITY_ID`, `HOME_STAY_NAME`, `LOCALITY_NAME`, `ROOM_TYPE`, `ROOM_FACILITY`) VALUES ('8', 'KADACKAL FARMHOUSE', 'BYLAKERE', 'NEELAM DOUBLE DELUX', 'AC');
INSERT INTO `home_stay_facility` (`LOCALITY_ID`, `HOME_STAY_NAME`, `LOCALITY_NAME`, `ROOM_TYPE`, `ROOM_FACILITY`) VALUES ('9', 'KOLAM SERVICED APERTMENT', 'ADYAR', 'TWIN ROOM', 'AC');
INSERT INTO `home_stay_facility` (`LOCALITY_ID`, `HOME_STAY_NAME`, `LOCALITY_NAME`, `ROOM_TYPE`, `ROOM_FACILITY`) VALUES ('9', 'KOLAM SERVICED APERTMENT', 'ADYAR', 'MASTER ROOM', 'AC');
INSERT INTO `home_stay_facility` (`LOCALITY_ID`, `HOME_STAY_NAME`, `LOCALITY_NAME`, `ROOM_TYPE`, `ROOM_FACILITY`) VALUES ('10', 'FRIENDLYSTAY', 'KOLAPAKKAM', 'EXECUTIVE ROOM', 'AC');
INSERT INTO `home_stay_facility` (`LOCALITY_ID`, `HOME_STAY_NAME`, `LOCALITY_NAME`, `ROOM_TYPE`, `ROOM_FACILITY`) VALUES ('11', 'GOLDEN PALM SUITS', 'SECTOR 12 DWARKA', 'DELUXE ROOM', 'AC');
INSERT INTO `home_stay_facility` (`LOCALITY_ID`, `HOME_STAY_NAME`, `LOCALITY_NAME`, `ROOM_TYPE`, `ROOM_FACILITY`) VALUES ('11', 'GOLDEN PALM SUITS', 'SECTOR 12 DWARKA', 'SUPER DELUXE ROOM', 'AC');
INSERT INTO `home_stay_facility` (`LOCALITY_ID`, `HOME_STAY_NAME`, `LOCALITY_NAME`, `ROOM_TYPE`, `ROOM_FACILITY`) VALUES ('12', 'COMFORT POINT', 'SAFDARJUNG ENCLAVE', 'DELUXE ROOM', 'AC');
INSERT INTO `home_stay_facility` (`LOCALITY_ID`, `HOME_STAY_NAME`, `LOCALITY_NAME`, `ROOM_TYPE`, `ROOM_FACILITY`) VALUES ('12', 'COMFORT POINT', 'SAFDARJUNG ENCLAVE', 'SUPER DELUXE ROOM', 'AC');
INSERT INTO `home_stay_facility` (`LOCALITY_ID`, `HOME_STAY_NAME`, `LOCALITY_NAME`, `ROOM_TYPE`, `ROOM_FACILITY`) VALUES ('13', 'MAJESTIC ECO COMFORT', 'VARCA', 'PREMIUM ROOM', 'AC');
INSERT INTO `home_stay_facility` (`LOCALITY_ID`, `HOME_STAY_NAME`, `LOCALITY_NAME`, `ROOM_TYPE`, `ROOM_FACILITY`) VALUES ('14', 'AT HOME B&B DONAPAULA', 'PANJIM', 'SUPERIOR ROOM', 'AC');
INSERT INTO `home_stay_facility` (`LOCALITY_ID`, `HOME_STAY_NAME`, `LOCALITY_NAME`, `ROOM_TYPE`, `ROOM_FACILITY`) VALUES ('14', 'AT HOME B&B DONAPAULA', 'PANJIM', 'LUXURY ROOM', 'AC');
INSERT INTO `home_stay_facility` (`LOCALITY_ID`, `HOME_STAY_NAME`, `LOCALITY_NAME`, `ROOM_TYPE`, `ROOM_FACILITY`) VALUES ('14', 'AT HOME B&B DONAPAULA', 'PANJIM', 'DELUX ROOM', 'AC');
INSERT INTO `home_stay_facility` (`LOCALITY_ID`, `HOME_STAY_NAME`, `LOCALITY_NAME`, `ROOM_TYPE`, `ROOM_FACILITY`) VALUES ('14', 'AT HOME B&B DONAPAULA', 'PANJIM', 'DELUX FAMILY', 'AC');
INSERT INTO `home_stay_facility` (`LOCALITY_ID`, `HOME_STAY_NAME`, `LOCALITY_NAME`, `ROOM_TYPE`, `ROOM_FACILITY`) VALUES ('16', 'TRANQVILLE', 'AMBIKAGIRINAGAR', 'FAMILY  WITH BALCONY', 'AC');
INSERT INTO `home_stay_facility` (`LOCALITY_ID`, `HOME_STAY_NAME`, `LOCALITY_NAME`, `ROOM_TYPE`, `ROOM_FACILITY`) VALUES ('17', 'OAKWOOD RESIDENCE', 'NANAKRAM', 'STUDIO SUPERIOR', 'AC');
INSERT INTO `home_stay_facility` (`LOCALITY_ID`, `HOME_STAY_NAME`, `LOCALITY_NAME`, `ROOM_TYPE`, `ROOM_FACILITY`) VALUES ('17', 'OAKWOOD RESIDENCE', 'NANAKRAM', 'PREMIER ROOM', 'AC');
INSERT INTO `home_stay_facility` (`LOCALITY_ID`, `HOME_STAY_NAME`, `LOCALITY_NAME`, `ROOM_TYPE`, `ROOM_FACILITY`) VALUES ('17', 'OAKWOOD RESIDENCE', 'NANAKRAM', '1 BEDROOM DELUX', 'AC');
INSERT INTO `home_stay_facility` (`LOCALITY_ID`, `HOME_STAY_NAME`, `LOCALITY_NAME`, `ROOM_TYPE`, `ROOM_FACILITY`) VALUES ('19', 'JAIPUR BUNGLOW', 'SHYAM NAGAR', 'BLUE POTTERY 3', 'AC');
INSERT INTO `home_stay_facility` (`LOCALITY_ID`, `HOME_STAY_NAME`, `LOCALITY_NAME`, `ROOM_TYPE`, `ROOM_FACILITY`) VALUES ('19', 'JAIPUR BUNGLOW', 'SHYAM NAGAR', 'BLUE POTTERY 1', 'AC');
INSERT INTO `home_stay_facility` (`LOCALITY_ID`, `HOME_STAY_NAME`, `LOCALITY_NAME`, `ROOM_TYPE`, `ROOM_FACILITY`) VALUES ('19', 'JAIPUR BUNGLOW', 'SHYAM NAGAR', 'BLOCK PRINT PINK', 'AC');
INSERT INTO `home_stay_facility` (`LOCALITY_ID`, `HOME_STAY_NAME`, `LOCALITY_NAME`, `ROOM_TYPE`, `ROOM_FACILITY`) VALUES ('19', 'JAIPUR BUNGLOW', 'SHYAM NAGAR', 'BLOCK PRINT BLUE', 'AC');
INSERT INTO `home_stay_facility` (`LOCALITY_ID`, `HOME_STAY_NAME`, `LOCALITY_NAME`, `ROOM_TYPE`, `ROOM_FACILITY`) VALUES ('19', 'JAIPUR BUNGLOW', 'SHYAM NAGAR', 'WOODEN CRAFT', 'AC');
INSERT INTO `home_stay_facility` (`LOCALITY_ID`, `HOME_STAY_NAME`, `LOCALITY_NAME`, `ROOM_TYPE`, `ROOM_FACILITY`) VALUES ('1', 'SUNSHINE DORMITORY', 'MIRZAPUR ROAD', 'MALE DORMITORY', 'NON AC');
INSERT INTO `home_stay_facility` (`LOCALITY_ID`, `HOME_STAY_NAME`, `LOCALITY_NAME`, `ROOM_TYPE`, `ROOM_FACILITY`) VALUES ('3', 'MADPACKERS AMRITSAR', 'AMRITSAR', 'SUPERIOR 12  BED', 'NON AC');
INSERT INTO `home_stay_facility` (`LOCALITY_ID`, `HOME_STAY_NAME`, `LOCALITY_NAME`, `ROOM_TYPE`, `ROOM_FACILITY`) VALUES ('3', 'MADPACKERS AMRITSAR', 'AMRITSAR', 'STANDERD DOUBLE BED', 'NON AC');
INSERT INTO `home_stay_facility` (`LOCALITY_ID`, `HOME_STAY_NAME`, `LOCALITY_NAME`, `ROOM_TYPE`, `ROOM_FACILITY`) VALUES ('5', 'GO STOP AGRA', 'FATEHBAD ROAD', 'BED IN 8 DOORMITORY', 'NON AC');
INSERT INTO `home_stay_facility` (`LOCALITY_ID`, `HOME_STAY_NAME`, `LOCALITY_NAME`, `ROOM_TYPE`, `ROOM_FACILITY`) VALUES ('6', 'JOEY\'S HOTEL', 'AGRA', '1 IN 4 BED', 'NON AC');
INSERT INTO `home_stay_facility` (`LOCALITY_ID`, `HOME_STAY_NAME`, `LOCALITY_NAME`, `ROOM_TYPE`, `ROOM_FACILITY`) VALUES ('6', 'JOEY\'S HOTEL', 'AGRA', 'DELUX PRIVET ROOM', 'NON AC');
INSERT INTO `home_stay_facility` (`LOCALITY_ID`, `HOME_STAY_NAME`, `LOCALITY_NAME`, `ROOM_TYPE`, `ROOM_FACILITY`) VALUES ('6', 'JOEY\'S HOTEL', 'AGRA', 'SUPERIOR DOUBLE ROOM', 'NON AC');
INSERT INTO `home_stay_facility` (`LOCALITY_ID`, `HOME_STAY_NAME`, `LOCALITY_NAME`, `ROOM_TYPE`, `ROOM_FACILITY`) VALUES ('6', 'JOEY\'S HOTEL', 'AGRA', 'QUAD ROOM', 'NON AC');
INSERT INTO `home_stay_facility` (`LOCALITY_ID`, `HOME_STAY_NAME`, `LOCALITY_NAME`, `ROOM_TYPE`, `ROOM_FACILITY`) VALUES ('7', 'IXORA SUITS', 'INDIRANAGAR', 'DELUX STUDIO', 'NON AC');
INSERT INTO `home_stay_facility` (`LOCALITY_ID`, `HOME_STAY_NAME`, `LOCALITY_NAME`, `ROOM_TYPE`, `ROOM_FACILITY`) VALUES ('10', 'FRIENDLYSTAY', 'KOLAPAKKAM', 'STANDARD BUDJET ROOM', 'NON AC');
INSERT INTO `home_stay_facility` (`LOCALITY_ID`, `HOME_STAY_NAME`, `LOCALITY_NAME`, `ROOM_TYPE`, `ROOM_FACILITY`) VALUES ('15', 'AADORONI CENTRAL HOMESTAY', 'SREE NAGAR', 'DELUXE ROOM', 'NON AC');
INSERT INTO `home_stay_facility` (`LOCALITY_ID`, `HOME_STAY_NAME`, `LOCALITY_NAME`, `ROOM_TYPE`, `ROOM_FACILITY`) VALUES ('15', 'AADORONI CENTRAL HOMESTAY', 'SREE NAGAR', 'SUPER DELUXE ROOM', 'NON AC');
INSERT INTO `home_stay_facility` (`LOCALITY_ID`, `HOME_STAY_NAME`, `LOCALITY_NAME`, `ROOM_TYPE`, `ROOM_FACILITY`) VALUES ('18', 'SWAN SUITS', 'GACHIBOWLI', 'PREMIUM ROOM', 'NON AC');
INSERT INTO `home_stay_facility` (`LOCALITY_ID`, `HOME_STAY_NAME`, `LOCALITY_NAME`, `ROOM_TYPE`, `ROOM_FACILITY`) VALUES ('20', 'ZOSTEL JAIPUR', 'PINK CITY', 'MIXED DROM 1 IN 4', 'NON AC');



INSERT INTO `home_stay_address` (`LOCALITY_ID`, `HOME_STAY_NAME`, `CITY_NAME`, `LOCALITY_NAME`, `LANDMARK`) VALUES ('1', 'SUNSHINE DORMITORY', 'JODHPUR', 'MIRZAPUR ROAD', 'TEEN DARWAZA');
INSERT INTO `home_stay_address` (`LOCALITY_ID`, `HOME_STAY_NAME`, `CITY_NAME`, `LOCALITY_NAME`, `LANDMARK`) VALUES ('2', 'HAPPY HOMES', 'JODHPUR', 'SHERKOTDA', 'NEAR SABARMATI ASHRAM');
INSERT INTO `home_stay_address` (`LOCALITY_ID`, `HOME_STAY_NAME`, `CITY_NAME`, `LOCALITY_NAME`, `LANDMARK`) VALUES ('3', 'MADPACKERS AMRITSAR', 'AMRITSAR', 'AMRITSAR', 'NEAR GOLDEN TEMPLE');
INSERT INTO `home_stay_address` (`LOCALITY_ID`, `HOME_STAY_NAME`, `CITY_NAME`, `LOCALITY_NAME`, `LANDMARK`) VALUES ('4', 'SHINE STAR', 'AMRITSAR', 'AMRITSAR', 'NEAR GOLDEN TEMPLE');
INSERT INTO `home_stay_address` (`LOCALITY_ID`, `HOME_STAY_NAME`, `CITY_NAME`, `LOCALITY_NAME`, `LANDMARK`) VALUES ('5', 'GO STOP AGRA', 'AGRA', 'FATEHBAD ROAD', 'NEAR TAJMAHAL');
INSERT INTO `home_stay_address` (`LOCALITY_ID`, `HOME_STAY_NAME`, `CITY_NAME`, `LOCALITY_NAME`, `LANDMARK`) VALUES ('6', 'JOEY\'S HOTEL', 'AGRA', 'AGRA', 'NEAR TAJMAHAL');
INSERT INTO `home_stay_address` (`LOCALITY_ID`, `HOME_STAY_NAME`, `CITY_NAME`, `LOCALITY_NAME`, `LANDMARK`) VALUES ('7', 'IXORA SUITS', 'BENGALURU', 'INDIRANAGAR', 'NEAR ULSOOR LAKE');
INSERT INTO `home_stay_address` (`LOCALITY_ID`, `HOME_STAY_NAME`, `CITY_NAME`, `LOCALITY_NAME`, `LANDMARK`) VALUES ('8', 'KADACKAL FARMHOUSE', 'BENGALURU', 'BYLAKERE', 'BENGALURU PALACE');
INSERT INTO `home_stay_address` (`LOCALITY_ID`, `HOME_STAY_NAME`, `CITY_NAME`, `LOCALITY_NAME`, `LANDMARK`) VALUES ('9', 'KOLAM SERVICED APERTMENT', 'AMRITSAR', 'ADYAR', 'MARINA BEACH');
INSERT INTO `home_stay_address` (`LOCALITY_ID`, `HOME_STAY_NAME`, `CITY_NAME`, `LOCALITY_NAME`, `LANDMARK`) VALUES ('10', 'FRIENDLYSTAY', 'AMRITSAR', 'KOLAPAKKAM', 'AMRITSAR AIRPORT');
INSERT INTO `home_stay_address` (`LOCALITY_ID`, `HOME_STAY_NAME`, `CITY_NAME`, `LOCALITY_NAME`, `LANDMARK`) VALUES ('11', 'GOLDEN PALM SUITS', 'NEW DELHI', 'SECTOR 12 DWARKA', 'T1 NEW DELHI AIRPORT');
INSERT INTO `home_stay_address` (`LOCALITY_ID`, `HOME_STAY_NAME`, `CITY_NAME`, `LOCALITY_NAME`, `LANDMARK`) VALUES ('12', 'COMFORT POINT', 'NEW DELHI', 'SAFDARJUNG ENCLAVE', 'DILLI HAAT');
INSERT INTO `home_stay_address` (`LOCALITY_ID`, `HOME_STAY_NAME`, `CITY_NAME`, `LOCALITY_NAME`, `LANDMARK`) VALUES ('13', 'MAJESTIC ECO COMFORT', 'GOA', 'VARCA', 'COLVA BEACH');
INSERT INTO `home_stay_address` (`LOCALITY_ID`, `HOME_STAY_NAME`, `CITY_NAME`, `LOCALITY_NAME`, `LANDMARK`) VALUES ('14', 'AT HOME B&B DONAPAULA', 'GOA', 'PANJIM', 'CAJNGES CAFÉ');
INSERT INTO `home_stay_address` (`LOCALITY_ID`, `HOME_STAY_NAME`, `CITY_NAME`, `LOCALITY_NAME`, `LANDMARK`) VALUES ('15', 'AADORONI CENTRAL HOMESTAY', 'JAIPUR', 'SREE NAGAR', 'ASSAM STATE ZOO');
INSERT INTO `home_stay_address` (`LOCALITY_ID`, `HOME_STAY_NAME`, `CITY_NAME`, `LOCALITY_NAME`, `LANDMARK`) VALUES ('16', 'TRANQVILLE', 'JAIPUR', 'AMBIKAGIRINAGAR', 'ASSAM STATE ZOO');
INSERT INTO `home_stay_address` (`LOCALITY_ID`, `HOME_STAY_NAME`, `CITY_NAME`, `LOCALITY_NAME`, `LANDMARK`) VALUES ('17', 'OAKWOOD RESIDENCE', 'HYDERABAD', 'NANAKRAM', 'GOLCONDA FORT');
INSERT INTO `home_stay_address` (`LOCALITY_ID`, `HOME_STAY_NAME`, `CITY_NAME`, `LOCALITY_NAME`, `LANDMARK`) VALUES ('18', 'SWAN SUITS', 'HYDERABAD', 'GACHIBOWLI', 'GOLCONDA FORT');
INSERT INTO `home_stay_address` (`LOCALITY_ID`, `HOME_STAY_NAME`, `CITY_NAME`, `LOCALITY_NAME`, `LANDMARK`) VALUES ('19', 'JAIPUR BUNGLOW', 'JAIPUR', 'SHYAM NAGAR', 'CITY PALACE JAIPUR');
INSERT INTO `home_stay_address` (`LOCALITY_ID`, `HOME_STAY_NAME`, `CITY_NAME`, `LOCALITY_NAME`, `LANDMARK`) VALUES ('20', 'ZOSTEL JAIPUR', 'JAIPUR', 'PINK CITY', 'JANTAR MANTAR');


INSERT INTO `home_stay_check_in` (`LOCALITY_ID`, `HOME_STAY_NAME`, `CITY_NAME`, `CHECK_IN_DATE`, `CHECK_IN_TIME`, `CHECK_OUT_TIME`) VALUES ('1', 'SUNSHINE DORMITORY', 'JODHPUR', '2022-02-24', '0:05:00', '12:00:00');
INSERT INTO `home_stay_check_in` (`LOCALITY_ID`, `HOME_STAY_NAME`, `CITY_NAME`, `CHECK_IN_DATE`, `CHECK_IN_TIME`, `CHECK_OUT_TIME`) VALUES ('2', 'HAPPY HOMES', 'JODHPUR', '2022-02-24', '12:00:00', '14:00:00');
INSERT INTO `home_stay_check_in` (`LOCALITY_ID`, `HOME_STAY_NAME`, `CITY_NAME`, `CHECK_IN_DATE`, `CHECK_IN_TIME`, `CHECK_OUT_TIME`) VALUES ('3', 'MADPACKERS AMRITSAR', 'AMRITSAR', '2022-02-24', '12:00:00', '14:00:00');
INSERT INTO `home_stay_check_in` (`LOCALITY_ID`, `HOME_STAY_NAME`, `CITY_NAME`, `CHECK_IN_DATE`, `CHECK_IN_TIME`, `CHECK_OUT_TIME`) VALUES ('4', 'SHINE STAR', 'AMRITSAR', '2022-02-24', '11:00:00', '12:00:00');
INSERT INTO `home_stay_check_in` (`LOCALITY_ID`, `HOME_STAY_NAME`, `CITY_NAME`, `CHECK_IN_DATE`, `CHECK_IN_TIME`, `CHECK_OUT_TIME`) VALUES ('5', 'GO STOP AGRA', 'AGRA', '2022-02-24', '10:00:00', '13:00:00');
INSERT INTO `home_stay_check_in` (`LOCALITY_ID`, `HOME_STAY_NAME`, `CITY_NAME`, `CHECK_IN_DATE`, `CHECK_IN_TIME`, `CHECK_OUT_TIME`) VALUES ('6', 'JOEY\'S HOTEL', 'AGRA', '2022-02-24', '11:00:00', '13:00:00');
INSERT INTO `home_stay_check_in` (`LOCALITY_ID`, `HOME_STAY_NAME`, `CITY_NAME`, `CHECK_IN_DATE`, `CHECK_IN_TIME`, `CHECK_OUT_TIME`) VALUES ('7', 'IXORA SUITS', 'BENGALURU', '2022-02-24', '11:00:00', '12:00:00');
INSERT INTO `home_stay_check_in` (`LOCALITY_ID`, `HOME_STAY_NAME`, `CITY_NAME`, `CHECK_IN_DATE`, `CHECK_IN_TIME`, `CHECK_OUT_TIME`) VALUES ('8', 'KADACKAL FARMHOUSE', 'BENGALURU', '2022-02-24', '12:00:00', '14:00:00');
INSERT INTO `home_stay_check_in` (`LOCALITY_ID`, `HOME_STAY_NAME`, `CITY_NAME`, `CHECK_IN_DATE`, `CHECK_IN_TIME`, `CHECK_OUT_TIME`) VALUES ('9', 'KOLAM SERVICED APERTMENT', 'AMRITSAR', '2022-02-24', '11:00:00', '12:00:00');
INSERT INTO `home_stay_check_in` (`LOCALITY_ID`, `HOME_STAY_NAME`, `CITY_NAME`, `CHECK_IN_DATE`, `CHECK_IN_TIME`, `CHECK_OUT_TIME`) VALUES ('10', 'FRIENDLYSTAY', 'AMRITSAR', '2022-02-24', '11:00:00', '12:00:00');
INSERT INTO `home_stay_check_in` (`LOCALITY_ID`, `HOME_STAY_NAME`, `CITY_NAME`, `CHECK_IN_DATE`, `CHECK_IN_TIME`, `CHECK_OUT_TIME`) VALUES ('11', 'GOLDEN PALM SUITS', 'NEW DELHI', '2022-02-24', '11:00:00', '13:00:00');
INSERT INTO `home_stay_check_in` (`LOCALITY_ID`, `HOME_STAY_NAME`, `CITY_NAME`, `CHECK_IN_DATE`, `CHECK_IN_TIME`, `CHECK_OUT_TIME`) VALUES ('12', 'COMFORT POINT', 'NEW DELHI', '2022-02-24', '11:30:00', '13:00:00');
INSERT INTO `home_stay_check_in` (`LOCALITY_ID`, `HOME_STAY_NAME`, `CITY_NAME`, `CHECK_IN_DATE`, `CHECK_IN_TIME`, `CHECK_OUT_TIME`) VALUES ('13', 'MAJESTIC ECO COMFORT', 'GOA', '2022-02-24', '11:00:00', '12:00:00');
INSERT INTO `home_stay_check_in` (`LOCALITY_ID`, `HOME_STAY_NAME`, `CITY_NAME`, `CHECK_IN_DATE`, `CHECK_IN_TIME`, `CHECK_OUT_TIME`) VALUES ('14', 'AT HOME B&B DONAPAULA', 'GOA', '2022-02-24', '11:00:00', '13:00:00');
INSERT INTO `home_stay_check_in` (`LOCALITY_ID`, `HOME_STAY_NAME`, `CITY_NAME`, `CHECK_IN_DATE`, `CHECK_IN_TIME`, `CHECK_OUT_TIME`) VALUES ('15', 'AADORONI CENTRAL HOMESTAY', 'JAIPUR', '2022-02-24', '11:00:00', '12:00:00');
INSERT INTO `home_stay_check_in` (`LOCALITY_ID`, `HOME_STAY_NAME`, `CITY_NAME`, `CHECK_IN_DATE`, `CHECK_IN_TIME`, `CHECK_OUT_TIME`) VALUES ('16', 'TRANQVILLE', 'JAIPUR', '2022-02-24', '11:00:00', '12:00:00');
INSERT INTO `home_stay_check_in` (`LOCALITY_ID`, `HOME_STAY_NAME`, `CITY_NAME`, `CHECK_IN_DATE`, `CHECK_IN_TIME`, `CHECK_OUT_TIME`) VALUES ('17', 'OAKWOOD RESIDENCE', 'HYDERABAD', '2022-02-24', '12:00:00', '14:00:00');
INSERT INTO `home_stay_check_in` (`LOCALITY_ID`, `HOME_STAY_NAME`, `CITY_NAME`, `CHECK_IN_DATE`, `CHECK_IN_TIME`, `CHECK_OUT_TIME`) VALUES ('18', 'SWAN SUITS', 'HYDERABAD', '2022-02-24', '12:00:00', '12:00:00');
INSERT INTO `home_stay_check_in` (`LOCALITY_ID`, `HOME_STAY_NAME`, `CITY_NAME`, `CHECK_IN_DATE`, `CHECK_IN_TIME`, `CHECK_OUT_TIME`) VALUES ('19', 'JAIPUR BUNGLOW', 'JAIPUR', '2022-02-24', '11:00:00', '13:00:00');
INSERT INTO `home_stay_check_in` (`LOCALITY_ID`, `HOME_STAY_NAME`, `CITY_NAME`, `CHECK_IN_DATE`, `CHECK_IN_TIME`, `CHECK_OUT_TIME`) VALUES ('20', 'ZOSTEL JAIPUR', 'JAIPUR', '2022-02-24', '10:00:00', '12:00:00');

