USE Myproject_2;
INSERT INTO `train_details` (`TRAIN_NO`,`TRAIN_NAME`) VALUES (2984,'AGTL BNC EXP');
INSERT INTO `train_details`  (`TRAIN_NO`,`TRAIN_NAME`) VALUES (10103,'MANDOVI EXPRESS');
INSERT INTO `train_details`  (`TRAIN_NO`,`TRAIN_NAME`) VALUES (10104,'MANDOVI EXPRESS');
INSERT INTO `train_details`  (`TRAIN_NO`,`TRAIN_NAME`) VALUES (11021,'TIRUNELVELI EX');
INSERT INTO `train_details`  (`TRAIN_NO`,`TRAIN_NAME`) VALUES (11022,'TIRUNELVELI EX');
INSERT INTO `train_details`  (`TRAIN_NO`,`TRAIN_NAME`) VALUES (11077,'JHELIM EXPRESS');
INSERT INTO `train_details`  (`TRAIN_NO`,`TRAIN_NAME`) VALUES (11078,'JHELIM EXPRESS');
INSERT INTO `train_details`  (`TRAIN_NO`,`TRAIN_NAME`) VALUES (11139,'CSMT GADAG EXP');
INSERT INTO `train_details`  (`TRAIN_NO`,`TRAIN_NAME`) VALUES (11140,'CSMT GADAG EXP');
INSERT INTO `train_details`  (`TRAIN_NO`,`TRAIN_NAME`) VALUES (12178,'CHAMBAL EXP');
INSERT INTO `train_details`  (`TRAIN_NO`,`TRAIN_NAME`) VALUES (12311,'NETAJI EXPRESS');
INSERT INTO `train_details`  (`TRAIN_NO`,`TRAIN_NAME`) VALUES (12312,'NETAJI EXPRESS');
INSERT INTO `train_details`  (`TRAIN_NO`,`TRAIN_NAME`) VALUES (12313,'SEALDAH RAJDHANI');
INSERT INTO `train_details`  (`TRAIN_NO`,`TRAIN_NAME`) VALUES (12314,'SEALDAH RAJDHANI');
INSERT INTO `train_details`  (`TRAIN_NO`,`TRAIN_NAME`) VALUES (12345,'SARAIGHAT EXP');
INSERT INTO `train_details`  (`TRAIN_NO`,`TRAIN_NAME`) VALUES (12346,'SARAIGHAT EXP');
INSERT INTO `train_details`  (`TRAIN_NO`,`TRAIN_NAME`) VALUES (12423,'DBRG RAJDHANI');
INSERT INTO `train_details`  (`TRAIN_NO`,`TRAIN_NAME`) VALUES (12424,'DBRG RAJDHANI');
INSERT INTO `train_details`  (`TRAIN_NO`,`TRAIN_NAME`) VALUES (12449,'GOA S KRANTI');
INSERT INTO `train_details`  (`TRAIN_NO`,`TRAIN_NAME`) VALUES (12450,'GOA S KRANTI');
INSERT INTO `train_details`  (`TRAIN_NO`,`TRAIN_NAME`) VALUES (12471,'SWARAJ EXPRESS');
INSERT INTO `train_details`  (`TRAIN_NO`,`TRAIN_NAME`) VALUES (12472,'SWARAJ EXPRESS');

INSERT INTO `train_dept_date` (`TRAIN_NO`,`DEPT_DATE`) VALUES (2984,'2022-02-22');
INSERT INTO `train_dept_date` (`TRAIN_NO`,`DEPT_DATE`) VALUES (10103,'2022-02-21');
INSERT INTO `train_dept_date` (`TRAIN_NO`,`DEPT_DATE`) VALUES (10103,'2022-02-22');
INSERT INTO `train_dept_date` (`TRAIN_NO`,`DEPT_DATE`) VALUES (10104,'2022-02-23');
INSERT INTO `train_dept_date` (`TRAIN_NO`,`DEPT_DATE`) VALUES (10104,'2022-02-24');
INSERT INTO `train_dept_date` (`TRAIN_NO`,`DEPT_DATE`) VALUES (11021,'2022-02-22');
INSERT INTO `train_dept_date` (`TRAIN_NO`,`DEPT_DATE`) VALUES (11021,'2022-02-23');
INSERT INTO `train_dept_date` (`TRAIN_NO`,`DEPT_DATE`) VALUES (11021,'2022-02-24');
INSERT INTO `train_dept_date` (`TRAIN_NO`,`DEPT_DATE`) VALUES (11022,'2022-02-24');
INSERT INTO `train_dept_date` (`TRAIN_NO`,`DEPT_DATE`) VALUES (11022,'2022-02-25');
INSERT INTO `train_dept_date` (`TRAIN_NO`,`DEPT_DATE`) VALUES (11022,'2022-03-03');
INSERT INTO `train_dept_date` (`TRAIN_NO`,`DEPT_DATE`) VALUES (11077,'2022-02-21');
INSERT INTO `train_dept_date` (`TRAIN_NO`,`DEPT_DATE`) VALUES (11077,'2022-02-22');
INSERT INTO `train_dept_date` (`TRAIN_NO`,`DEPT_DATE`) VALUES (11077,'2022-02-23');
INSERT INTO `train_dept_date` (`TRAIN_NO`,`DEPT_DATE`) VALUES (11078,'2022-02-21');
INSERT INTO `train_dept_date` (`TRAIN_NO`,`DEPT_DATE`) VALUES (11078,'2022-02-22');
INSERT INTO `train_dept_date` (`TRAIN_NO`,`DEPT_DATE`) VALUES (11078,'2022-02-23');
INSERT INTO `train_dept_date` (`TRAIN_NO`,`DEPT_DATE`) VALUES (11139,'2022-02-21');
INSERT INTO `train_dept_date` (`TRAIN_NO`,`DEPT_DATE`) VALUES (11139,'2022-02-22');
INSERT INTO `train_dept_date` (`TRAIN_NO`,`DEPT_DATE`) VALUES (11140,'2022-02-24');
INSERT INTO `train_dept_date` (`TRAIN_NO`,`DEPT_DATE`) VALUES (11140,'2022-02-25');
INSERT INTO `train_dept_date` (`TRAIN_NO`,`DEPT_DATE`) VALUES (12178,'2022-02-21');
INSERT INTO `train_dept_date` (`TRAIN_NO`,`DEPT_DATE`) VALUES (12311,'2022-02-20');
INSERT INTO `train_dept_date` (`TRAIN_NO`,`DEPT_DATE`) VALUES (12311,'2022-02-21');
INSERT INTO `train_dept_date` (`TRAIN_NO`,`DEPT_DATE`) VALUES (12312,'2022-02-20');


INSERT INTO `TRAIN_DEPT_TIME` (`TRAIN_NO`, `UP_STATION`, `DEPT_TIME`) VALUES ('2984', 'JAIPUR', '19:10:00');
INSERT INTO `TRAIN_DEPT_TIME` (`TRAIN_NO`, `UP_STATION`, `DEPT_TIME`) VALUES ('10103', 'MUMBAI', '7:10:00');
INSERT INTO `TRAIN_DEPT_TIME` (`TRAIN_NO`, `UP_STATION`, `DEPT_TIME`) VALUES ('10104', 'GOA', '9:15:00');
INSERT INTO `TRAIN_DEPT_TIME` (`TRAIN_NO`, `UP_STATION`, `DEPT_TIME`) VALUES ('11021', 'MUMBAI', '21:30:00');
INSERT INTO `TRAIN_DEPT_TIME` (`TRAIN_NO`, `UP_STATION`, `DEPT_TIME`) VALUES ('11021', 'PUNE', '1:00:00');
INSERT INTO `TRAIN_DEPT_TIME` (`TRAIN_NO`, `UP_STATION`, `DEPT_TIME`) VALUES ('11022', 'GOA', '17:55:00');
INSERT INTO `TRAIN_DEPT_TIME` (`TRAIN_NO`, `UP_STATION`, `DEPT_TIME`) VALUES ('11077', 'NEW DELHI', '21:35:00');
INSERT INTO `TRAIN_DEPT_TIME` (`TRAIN_NO`, `UP_STATION`, `DEPT_TIME`) VALUES ('11077', 'PUNE', '17:20:00');
INSERT INTO `TRAIN_DEPT_TIME` (`TRAIN_NO`, `UP_STATION`, `DEPT_TIME`) VALUES ('11077', 'AGRA', '17:40:00');
INSERT INTO `TRAIN_DEPT_TIME` (`TRAIN_NO`, `UP_STATION`, `DEPT_TIME`) VALUES ('11078', 'NEW DELHI', '11:30:00');
INSERT INTO `TRAIN_DEPT_TIME` (`TRAIN_NO`, `UP_STATION`, `DEPT_TIME`) VALUES ('11078', 'AGRA', '23:40:00');
INSERT INTO `TRAIN_DEPT_TIME` (`TRAIN_NO`, `UP_STATION`, `DEPT_TIME`) VALUES ('11139', 'MUMBAI', '21:20:00');
INSERT INTO `TRAIN_DEPT_TIME` (`TRAIN_NO`, `UP_STATION`, `DEPT_TIME`) VALUES ('11140', 'PUNE', '1:25:00');
INSERT INTO `TRAIN_DEPT_TIME` (`TRAIN_NO`, `UP_STATION`, `DEPT_TIME`) VALUES ('12178', 'AGRA', '5:30:00');
INSERT INTO `TRAIN_DEPT_TIME` (`TRAIN_NO`, `UP_STATION`, `DEPT_TIME`) VALUES ('12311', 'BENGALURU', '21:55:00');
INSERT INTO `TRAIN_DEPT_TIME` (`TRAIN_NO`, `UP_STATION`, `DEPT_TIME`) VALUES ('12312', 'NEW DELHI', '5:00:00');
INSERT INTO `TRAIN_DEPT_TIME` (`TRAIN_NO`, `UP_STATION`, `DEPT_TIME`) VALUES ('12313', 'BENGALURU', '16:50:00');
INSERT INTO `TRAIN_DEPT_TIME` (`TRAIN_NO`, `UP_STATION`, `DEPT_TIME`) VALUES ('12314', 'NEW DELHI', '16:30:00');
INSERT INTO `TRAIN_DEPT_TIME` (`TRAIN_NO`, `UP_STATION`, `DEPT_TIME`) VALUES ('12345', 'BENGALURU', '15:55:00');
INSERT INTO `TRAIN_DEPT_TIME` (`TRAIN_NO`, `UP_STATION`, `DEPT_TIME`) VALUES ('12346', 'JAIPUR', '12:20:00');
INSERT INTO `TRAIN_DEPT_TIME` (`TRAIN_NO`, `UP_STATION`, `DEPT_TIME`) VALUES ('12423', 'JAIPUR', '6:50:00');
INSERT INTO `TRAIN_DEPT_TIME` (`TRAIN_NO`, `UP_STATION`, `DEPT_TIME`) VALUES ('12424', 'NEW DELHI', '16:20:00');
INSERT INTO `TRAIN_DEPT_TIME` (`TRAIN_NO`, `UP_STATION`, `DEPT_TIME`) VALUES ('12449', 'GOA', '11:20:00');
INSERT INTO `TRAIN_DEPT_TIME` (`TRAIN_NO`, `UP_STATION`, `DEPT_TIME`) VALUES ('12450', 'MUMBAI', '23:10:00');
INSERT INTO `TRAIN_DEPT_TIME` (`TRAIN_NO`, `UP_STATION`, `DEPT_TIME`) VALUES ('12450', 'GAYA', '20:00:00');
INSERT INTO `TRAIN_DEPT_TIME` (`TRAIN_NO`, `UP_STATION`, `DEPT_TIME`) VALUES ('12471', 'MUMBAI', '0:00:00');
INSERT INTO `TRAIN_DEPT_TIME` (`TRAIN_NO`, `UP_STATION`, `DEPT_TIME`) VALUES ('12471', 'GAYA', '14:23:00');
INSERT INTO `TRAIN_DEPT_TIME` (`TRAIN_NO`, `UP_STATION`, `DEPT_TIME`) VALUES ('12472', 'AGRA', '11:35:00');


INSERT INTO `TRAIN_ARVL_TIME` (`TRAIN_NO`, `DOWN_STATION`, `ARVL_TIME`) VALUES ('2984', 'BENGALURU', '20:15:00');
INSERT INTO `TRAIN_ARVL_TIME` (`TRAIN_NO`, `DOWN_STATION`, `ARVL_TIME`) VALUES ('10103', 'GOA', '19:00:00');
INSERT INTO `TRAIN_ARVL_TIME` (`TRAIN_NO`, `DOWN_STATION`, `ARVL_TIME`) VALUES ('10104', 'MUMBAI', '21:45:00');
INSERT INTO `TRAIN_ARVL_TIME` (`TRAIN_NO`, `DOWN_STATION`, `ARVL_TIME`) VALUES ('11021', 'GOA', '8:20:00');
INSERT INTO `TRAIN_ARVL_TIME` (`TRAIN_NO`, `DOWN_STATION`, `ARVL_TIME`) VALUES ('11022', 'MUMBAI', '5:30:00');
INSERT INTO `TRAIN_ARVL_TIME` (`TRAIN_NO`, `DOWN_STATION`, `ARVL_TIME`) VALUES ('11022', 'PUNE', '2:05:00');
INSERT INTO `TRAIN_ARVL_TIME` (`TRAIN_NO`, `DOWN_STATION`, `ARVL_TIME`) VALUES ('11077', 'AGRA', '9:55:00');
INSERT INTO `TRAIN_ARVL_TIME` (`TRAIN_NO`, `DOWN_STATION`, `ARVL_TIME`) VALUES ('11077', 'NEW DELHI', '21:15:00');
INSERT INTO `TRAIN_ARVL_TIME` (`TRAIN_NO`, `DOWN_STATION`, `ARVL_TIME`) VALUES ('11078', 'PUNE', '15:55:00');
INSERT INTO `TRAIN_ARVL_TIME` (`TRAIN_NO`, `DOWN_STATION`, `ARVL_TIME`) VALUES ('11078', 'NEW DELHI', '11:15:00');
INSERT INTO `TRAIN_ARVL_TIME` (`TRAIN_NO`, `DOWN_STATION`, `ARVL_TIME`) VALUES ('11139', 'PUNE', '13:05:00');
INSERT INTO `TRAIN_ARVL_TIME` (`TRAIN_NO`, `DOWN_STATION`, `ARVL_TIME`) VALUES ('11140', 'MUMBAI', '5:10:00');
INSERT INTO `TRAIN_ARVL_TIME` (`TRAIN_NO`, `DOWN_STATION`, `ARVL_TIME`) VALUES ('12178', 'BENGALURU', '6:55:00');
INSERT INTO `TRAIN_ARVL_TIME` (`TRAIN_NO`, `DOWN_STATION`, `ARVL_TIME`) VALUES ('12311', 'NEW DELHI', '21:24:00');
INSERT INTO `TRAIN_ARVL_TIME` (`TRAIN_NO`, `DOWN_STATION`, `ARVL_TIME`) VALUES ('12312', 'BENGALURU', '8:00:00');
INSERT INTO `TRAIN_ARVL_TIME` (`TRAIN_NO`, `DOWN_STATION`, `ARVL_TIME`) VALUES ('12313', 'NEW DELHI', '10:50:00');
INSERT INTO `TRAIN_ARVL_TIME` (`TRAIN_NO`, `DOWN_STATION`, `ARVL_TIME`) VALUES ('12314', 'BENGALURU', '10:10:00');
INSERT INTO `TRAIN_ARVL_TIME` (`TRAIN_NO`, `DOWN_STATION`, `ARVL_TIME`) VALUES ('12345', 'JAIPUR', '10:05:00');
INSERT INTO `TRAIN_ARVL_TIME` (`TRAIN_NO`, `DOWN_STATION`, `ARVL_TIME`) VALUES ('12346', 'BENGALURU', '5:15:00');
INSERT INTO `TRAIN_ARVL_TIME` (`TRAIN_NO`, `DOWN_STATION`, `ARVL_TIME`) VALUES ('12423', 'NEW DELHI', '10:30:00');
INSERT INTO `TRAIN_ARVL_TIME` (`TRAIN_NO`, `DOWN_STATION`, `ARVL_TIME`) VALUES ('12424', 'JAIPUR', '20:10:00');
INSERT INTO `TRAIN_ARVL_TIME` (`TRAIN_NO`, `DOWN_STATION`, `ARVL_TIME`) VALUES ('12449', 'GAYA', '23:48:00');
INSERT INTO `TRAIN_ARVL_TIME` (`TRAIN_NO`, `DOWN_STATION`, `ARVL_TIME`) VALUES ('12449', 'MUMBAI', '21:05:00');
INSERT INTO `TRAIN_ARVL_TIME` (`TRAIN_NO`, `DOWN_STATION`, `ARVL_TIME`) VALUES ('12450', 'GOA', '11:15:00');
INSERT INTO `TRAIN_ARVL_TIME` (`TRAIN_NO`, `DOWN_STATION`, `ARVL_TIME`) VALUES ('12471', 'AGRA', '14:50:00');

INSERT INTO `train_journey_hr` (`TRAIN_NO`, `TRAIN_NAME`, `UP_STATION`, `DOWN_STATION`, `JOURNEY_HR`) VALUES ('2984', 'AGTL BNC EXP', 'JAIPUR', 'BENGALURU', '49:05:00');
INSERT INTO `train_journey_hr` (`TRAIN_NO`, `TRAIN_NAME`, `UP_STATION`, `DOWN_STATION`, `JOURNEY_HR`) VALUES ('10103', 'MANDOVI EXPRESS', 'MUMBAI', 'GOA', '11:50:00');
INSERT INTO `train_journey_hr` (`TRAIN_NO`, `TRAIN_NAME`, `UP_STATION`, `DOWN_STATION`, `JOURNEY_HR`) VALUES ('10104', 'MANDOVI EXPRESS', 'GOA', 'MUMBAI', '12:30:00');
INSERT INTO `train_journey_hr` (`TRAIN_NO`, `TRAIN_NAME`, `UP_STATION`, `DOWN_STATION`, `JOURNEY_HR`) VALUES ('11021', 'TIRUNELVELI EX', 'MUMBAI', 'GOA', '34:50:00');
INSERT INTO `train_journey_hr` (`TRAIN_NO`, `TRAIN_NAME`, `UP_STATION`, `DOWN_STATION`, `JOURNEY_HR`) VALUES ('11021', 'TIRUNELVELI EX', 'PUNE', 'GOA', '31:20:00');
INSERT INTO `train_journey_hr` (`TRAIN_NO`, `TRAIN_NAME`, `UP_STATION`, `DOWN_STATION`, `JOURNEY_HR`) VALUES ('11022', 'TIRUNELVELI EX', 'GOA', 'MUMBAI', '35:35:00');
INSERT INTO `train_journey_hr` (`TRAIN_NO`, `TRAIN_NAME`, `UP_STATION`, `DOWN_STATION`, `JOURNEY_HR`) VALUES ('11022', 'TIRUNELVELI EX', 'GOA', 'PUNE', '32:10:00');
INSERT INTO `train_journey_hr` (`TRAIN_NO`, `TRAIN_NAME`, `UP_STATION`, `DOWN_STATION`, `JOURNEY_HR`) VALUES ('11077', 'JHELIM EXPRESS', 'NEW DELHI', 'AGRA', '12:20:00');
INSERT INTO `train_journey_hr` (`TRAIN_NO`, `TRAIN_NAME`, `UP_STATION`, `DOWN_STATION`, `JOURNEY_HR`) VALUES ('11077', 'JHELIM EXPRESS', 'PUNE', 'NEW DELHI', '27:55:00');
INSERT INTO `train_journey_hr` (`TRAIN_NO`, `TRAIN_NAME`, `UP_STATION`, `DOWN_STATION`, `JOURNEY_HR`) VALUES ('11077', 'JHELIM EXPRESS', 'PUNE', 'AGRA', '40:35:00');
INSERT INTO `train_journey_hr` (`TRAIN_NO`, `TRAIN_NAME`, `UP_STATION`, `DOWN_STATION`, `JOURNEY_HR`) VALUES ('11077', 'JHELIM EXPRESS', 'AGRA', 'AGRA', '40:35:00');
INSERT INTO `train_journey_hr` (`TRAIN_NO`, `TRAIN_NAME`, `UP_STATION`, `DOWN_STATION`, `JOURNEY_HR`) VALUES ('11078', 'JHELIM EXPRESS', 'NEW DELHI', 'PUNE', '28:25:00');
INSERT INTO `train_journey_hr` (`TRAIN_NO`, `TRAIN_NAME`, `UP_STATION`, `DOWN_STATION`, `JOURNEY_HR`) VALUES ('11078', 'JHELIM EXPRESS', 'AGRA', 'PUNE', '40:15:00');
INSERT INTO `train_journey_hr` (`TRAIN_NO`, `TRAIN_NAME`, `UP_STATION`, `DOWN_STATION`, `JOURNEY_HR`) VALUES ('11078', 'JHELIM EXPRESS', 'AGRA', 'NEW DELHI', '11:35:00');
INSERT INTO `train_journey_hr` (`TRAIN_NO`, `TRAIN_NAME`, `UP_STATION`, `DOWN_STATION`, `JOURNEY_HR`) VALUES ('11139', 'CSMT GADAG EXP', 'MUMBAI', 'PUNE', '3:45:00');
INSERT INTO `train_journey_hr` (`TRAIN_NO`, `TRAIN_NAME`, `UP_STATION`, `DOWN_STATION`, `JOURNEY_HR`) VALUES ('11140', 'CSMT GADAG EXP', 'PUNE', 'MUMBAI', '3:45:00');
INSERT INTO `train_journey_hr` (`TRAIN_NO`, `TRAIN_NAME`, `UP_STATION`, `DOWN_STATION`, `JOURNEY_HR`) VALUES ('12178', 'CHAMBAL EXP', 'AGRA', 'BENGALURU', '25:25:00');
INSERT INTO `train_journey_hr` (`TRAIN_NO`, `TRAIN_NAME`, `UP_STATION`, `DOWN_STATION`, `JOURNEY_HR`) VALUES ('12311', 'NETAJI EXPRESS', 'BENGALURU', 'NEW DELHI', '23:29:00');
INSERT INTO `train_journey_hr` (`TRAIN_NO`, `TRAIN_NAME`, `UP_STATION`, `DOWN_STATION`, `JOURNEY_HR`) VALUES ('12312', 'NETAJI EXPRESS', 'NEW DELHI', 'BENGALURU', '27:00:00');
INSERT INTO `train_journey_hr` (`TRAIN_NO`, `TRAIN_NAME`, `UP_STATION`, `DOWN_STATION`, `JOURNEY_HR`) VALUES ('12313', 'SEALDAH RAJDHANI', 'BENGALURU', 'NEW DELHI', '18:00:00');
INSERT INTO `train_journey_hr` (`TRAIN_NO`, `TRAIN_NAME`, `UP_STATION`, `DOWN_STATION`, `JOURNEY_HR`) VALUES ('12314', 'SEALDAH RAJDHANI', 'NEW DELHI', 'BENGALURU', '17:40:00');
INSERT INTO `train_journey_hr` (`TRAIN_NO`, `TRAIN_NAME`, `UP_STATION`, `DOWN_STATION`, `JOURNEY_HR`) VALUES ('12345', 'SARAIGHAT EXP', 'BENGALURU', 'JAIPUR', '18:10:00');
INSERT INTO `train_journey_hr` (`TRAIN_NO`, `TRAIN_NAME`, `UP_STATION`, `DOWN_STATION`, `JOURNEY_HR`) VALUES ('12346', 'SARAIGHAT EXP', 'JAIPUR', 'BENGALURU', '16:55:00');
INSERT INTO `train_journey_hr` (`TRAIN_NO`, `TRAIN_NAME`, `UP_STATION`, `DOWN_STATION`, `JOURNEY_HR`) VALUES ('12423', 'DBRG RAJDHANI', 'JAIPUR', 'NEW DELHI', '27:40:00');
INSERT INTO `train_journey_hr` (`TRAIN_NO`, `TRAIN_NAME`, `UP_STATION`, `DOWN_STATION`, `JOURNEY_HR`) VALUES ('12424', 'DBRG RAJDHANI', 'NEW DELHI', 'JAIPUR', '27:50:00');
INSERT INTO `train_journey_hr` (`TRAIN_NO`, `TRAIN_NAME`, `UP_STATION`, `DOWN_STATION`, `JOURNEY_HR`) VALUES ('12449', 'GOA S KRANTI', 'GOA', 'GAYA', '12:28:00');
INSERT INTO `train_journey_hr` (`TRAIN_NO`, `TRAIN_NAME`, `UP_STATION`, `DOWN_STATION`, `JOURNEY_HR`) VALUES ('12449', 'GOA S KRANTI', 'GOA', 'MUMBAI', '9:45:00');
INSERT INTO `train_journey_hr` (`TRAIN_NO`, `TRAIN_NAME`, `UP_STATION`, `DOWN_STATION`, `JOURNEY_HR`) VALUES ('12450', 'GOA S KRANTI', 'MUMBAI', 'GOA', '12:05:00');
INSERT INTO `train_journey_hr` (`TRAIN_NO`, `TRAIN_NAME`, `UP_STATION`, `DOWN_STATION`, `JOURNEY_HR`) VALUES ('12450', 'GOA S KRANTI', 'GAYA', 'GOA', '15:15:00');
INSERT INTO `train_journey_hr` (`TRAIN_NO`, `TRAIN_NAME`, `UP_STATION`, `DOWN_STATION`, `JOURNEY_HR`) VALUES ('12471', 'SWARAJ EXPRESS', 'MUMBAI', 'AGRA', '27:50:00');
INSERT INTO `train_journey_hr` (`TRAIN_NO`, `TRAIN_NAME`, `UP_STATION`, `DOWN_STATION`, `JOURNEY_HR`) VALUES ('12471', 'SWARAJ EXPRESS', 'GAYA', 'AGRA', '24:27:00');



INSERT INTO `train_2s_reservation` (`TRAIN_NO`, `TRAIN_NAME`, `DEPT_DATE`, `UP_STATION`, `DOWN_STATION`, `CLASS`, `FARE`, `SEATS`, `STATUS`) VALUES ('10103', 'MANDOVI EXPRESS', '2022-02-21', 'MUMBAI', 'AGRA', '2S', '220', '260', 'WL');
INSERT INTO `train_2s_reservation` (`TRAIN_NO`, `TRAIN_NAME`, `DEPT_DATE`, `UP_STATION`, `DOWN_STATION`, `CLASS`, `FARE`, `SEATS`, `STATUS`) VALUES ('10103', 'MANDOVI EXPRESS', '2022-02-22', 'MUMBAI', 'AGRA', '2S', '220', '224', 'WL');
INSERT INTO `train_2s_reservation` (`TRAIN_NO`, `TRAIN_NAME`, `DEPT_DATE`, `UP_STATION`, `DOWN_STATION`, `CLASS`, `FARE`, `SEATS`, `STATUS`) VALUES ('10104', 'MANDOVI EXPRESS', '2022-02-23', 'AGRA', 'MUMBAI', '2S', '220', '30', 'WL');
INSERT INTO `train_2s_reservation` (`TRAIN_NO`, `TRAIN_NAME`, `DEPT_DATE`, `UP_STATION`, `DOWN_STATION`, `CLASS`, `FARE`, `SEATS`, `STATUS`) VALUES ('10104', 'MANDOVI EXPRESS', '2022-02-24', 'AGRA', 'MUMBAI', '2S', '220', '48', 'WL');
INSERT INTO `train_2s_reservation` (`TRAIN_NO`, `TRAIN_NAME`, `DEPT_DATE`, `UP_STATION`, `DOWN_STATION`, `CLASS`, `FARE`, `SEATS`, `STATUS`) VALUES ('11021', 'TIRUNELVELI EX', '2022-02-22', 'MUMBAI', 'GOA', '2S', '410', '188', 'AVL');
INSERT INTO `train_2s_reservation` (`TRAIN_NO`, `TRAIN_NAME`, `DEPT_DATE`, `UP_STATION`, `DOWN_STATION`, `CLASS`, `FARE`, `SEATS`, `STATUS`) VALUES ('11021', 'TIRUNELVELI EX', '2022-02-23', 'MUMBAI', 'GOA', '2S', '410', '188', 'AVL');
INSERT INTO `train_2s_reservation` (`TRAIN_NO`, `TRAIN_NAME`, `DEPT_DATE`, `UP_STATION`, `DOWN_STATION`, `CLASS`, `FARE`, `SEATS`, `STATUS`) VALUES ('11021', 'TIRUNELVELI EX', '2022-02-23', 'PUNE', 'GOA', '2S', '375', '10', 'WL');
INSERT INTO `train_2s_reservation` (`TRAIN_NO`, `TRAIN_NAME`, `DEPT_DATE`, `UP_STATION`, `DOWN_STATION`, `CLASS`, `FARE`, `SEATS`, `STATUS`) VALUES ('11021', 'TIRUNELVELI EX', '2022-02-24', 'PUNE', 'GOA', '2S', '375', '11', 'WL');
INSERT INTO `train_2s_reservation` (`TRAIN_NO`, `TRAIN_NAME`, `DEPT_DATE`, `UP_STATION`, `DOWN_STATION`, `CLASS`, `FARE`, `SEATS`, `STATUS`) VALUES ('11022', 'TIRUNELVELI EX', '2022-02-24', 'GOA', 'MUMBAI', '2S', '370', '95', 'AVL');
INSERT INTO `train_2s_reservation` (`TRAIN_NO`, `TRAIN_NAME`, `DEPT_DATE`, `UP_STATION`, `DOWN_STATION`, `CLASS`, `FARE`, `SEATS`, `STATUS`) VALUES ('11022', 'TIRUNELVELI EX', '2022-02-25', 'GOA', 'MUMBAI', '2S', '370', '94', 'AVL');
INSERT INTO `train_2s_reservation` (`TRAIN_NO`, `TRAIN_NAME`, `DEPT_DATE`, `UP_STATION`, `DOWN_STATION`, `CLASS`, `FARE`, `SEATS`, `STATUS`) VALUES ('11022', 'TIRUNELVELI EX', '2022-02-24', 'GOA', 'PUNE', '2S', '375', '1', 'WL');
INSERT INTO `train_2s_reservation` (`TRAIN_NO`, `TRAIN_NAME`, `DEPT_DATE`, `UP_STATION`, `DOWN_STATION`, `CLASS`, `FARE`, `SEATS`, `STATUS`) VALUES ('11022', 'TIRUNELVELI EX', '2022-03-03', 'GOA', 'PUNE', '2S', '375', '20', 'AVL');
INSERT INTO `train_2s_reservation` (`TRAIN_NO`, `TRAIN_NAME`, `DEPT_DATE`, `UP_STATION`, `DOWN_STATION`, `CLASS`, `FARE`, `SEATS`, `STATUS`) VALUES ('11077', 'JHELIM EXPRESS', '2022-02-21', 'NEW DELHI', 'GAYA', '2S', '200', '32', 'WL');
INSERT INTO `train_2s_reservation` (`TRAIN_NO`, `TRAIN_NAME`, `DEPT_DATE`, `UP_STATION`, `DOWN_STATION`, `CLASS`, `FARE`, `SEATS`, `STATUS`) VALUES ('11077', 'JHELIM EXPRESS', '2022-02-22', 'NEW DELHI', 'GAYA', '2S', '200', '17', 'WL');
INSERT INTO `train_2s_reservation` (`TRAIN_NO`, `TRAIN_NAME`, `DEPT_DATE`, `UP_STATION`, `DOWN_STATION`, `CLASS`, `FARE`, `SEATS`, `STATUS`) VALUES ('11077', 'JHELIM EXPRESS', '2022-02-22', 'PUNE', 'NEW DELHI', '2S', '415', '3', 'TWL');
INSERT INTO `train_2s_reservation` (`TRAIN_NO`, `TRAIN_NAME`, `DEPT_DATE`, `UP_STATION`, `DOWN_STATION`, `CLASS`, `FARE`, `SEATS`, `STATUS`) VALUES ('11077', 'JHELIM EXPRESS', '2022-02-23', 'PUNE', 'NEW DELHI', '2S', '365', '8', 'WL');
INSERT INTO `train_2s_reservation` (`TRAIN_NO`, `TRAIN_NAME`, `DEPT_DATE`, `UP_STATION`, `DOWN_STATION`, `CLASS`, `FARE`, `SEATS`, `STATUS`) VALUES ('11077', 'JHELIM EXPRESS', '2022-02-22', 'PUNE', 'GAYA', '2S', '490', '78', 'AVL');
INSERT INTO `train_2s_reservation` (`TRAIN_NO`, `TRAIN_NAME`, `DEPT_DATE`, `UP_STATION`, `DOWN_STATION`, `CLASS`, `FARE`, `SEATS`, `STATUS`) VALUES ('11077', 'JHELIM EXPRESS', '2022-02-23', 'PUNE', 'GAYA', '2S', '490', '127', 'AVL');
INSERT INTO `train_2s_reservation` (`TRAIN_NO`, `TRAIN_NAME`, `DEPT_DATE`, `UP_STATION`, `DOWN_STATION`, `CLASS`, `FARE`, `SEATS`, `STATUS`) VALUES ('11077', 'JHELIM EXPRESS', '2022-02-21', 'AGRA', 'GAYA', '2S', '490', '10', 'WL');
INSERT INTO `train_2s_reservation` (`TRAIN_NO`, `TRAIN_NAME`, `DEPT_DATE`, `UP_STATION`, `DOWN_STATION`, `CLASS`, `FARE`, `SEATS`, `STATUS`) VALUES ('11078', 'JHELIM EXPRESS', '2022-02-21', 'NEW DELHI', 'PUNE', '2S', '360', '63', 'WL');
INSERT INTO `train_2s_reservation` (`TRAIN_NO`, `TRAIN_NAME`, `DEPT_DATE`, `UP_STATION`, `DOWN_STATION`, `CLASS`, `FARE`, `SEATS`, `STATUS`) VALUES ('11078', 'JHELIM EXPRESS', '2022-02-22', 'NEW DELHI', 'PUNE', '2S', '360', '26', 'WL');
INSERT INTO `train_2s_reservation` (`TRAIN_NO`, `TRAIN_NAME`, `DEPT_DATE`, `UP_STATION`, `DOWN_STATION`, `CLASS`, `FARE`, `SEATS`, `STATUS`) VALUES ('11078', 'JHELIM EXPRESS', '2022-02-21', 'GAYA', 'PUNE', '2S', '485', '110', 'AVL');
INSERT INTO `train_2s_reservation` (`TRAIN_NO`, `TRAIN_NAME`, `DEPT_DATE`, `UP_STATION`, `DOWN_STATION`, `CLASS`, `FARE`, `SEATS`, `STATUS`) VALUES ('11078', 'JHELIM EXPRESS', '2022-02-22', 'GAYA', 'PUNE', '2S', '485', '150', 'AVL');
INSERT INTO `train_2s_reservation` (`TRAIN_NO`, `TRAIN_NAME`, `DEPT_DATE`, `UP_STATION`, `DOWN_STATION`, `CLASS`, `FARE`, `SEATS`, `STATUS`) VALUES ('11078', 'JHELIM EXPRESS', '2022-02-22', 'GAYA', 'NEW DELHI', '2S', '200', '56', 'WL');
INSERT INTO `train_2s_reservation` (`TRAIN_NO`, `TRAIN_NAME`, `DEPT_DATE`, `UP_STATION`, `DOWN_STATION`, `CLASS`, `FARE`, `SEATS`, `STATUS`) VALUES ('11078', 'JHELIM EXPRESS', '2022-02-23', 'GAYA', 'NEW DELHI', '2S', '200', '31', 'WL');
INSERT INTO `train_2s_reservation` (`TRAIN_NO`, `TRAIN_NAME`, `DEPT_DATE`, `UP_STATION`, `DOWN_STATION`, `CLASS`, `FARE`, `SEATS`, `STATUS`) VALUES ('11139', 'CSMT GADAG EXP', '2022-02-21', 'MUMBAI', 'PUNE', '2S', '105', '85', 'AVL');
INSERT INTO `train_2s_reservation` (`TRAIN_NO`, `TRAIN_NAME`, `DEPT_DATE`, `UP_STATION`, `DOWN_STATION`, `CLASS`, `FARE`, `SEATS`, `STATUS`) VALUES ('11139', 'CSMT GADAG EXP', '2022-02-22', 'MUMBAI', 'PUNE', '2S', '105', '196', 'AVL');
INSERT INTO `train_2s_reservation` (`TRAIN_NO`, `TRAIN_NAME`, `DEPT_DATE`, `UP_STATION`, `DOWN_STATION`, `CLASS`, `FARE`, `SEATS`, `STATUS`) VALUES ('11140', 'CSMT GADAG EXP', '2022-02-24', 'PUNE', 'MUMBAI', '2S', '100', '48', 'WL');
INSERT INTO `train_2s_reservation` (`TRAIN_NO`, `TRAIN_NAME`, `DEPT_DATE`, `UP_STATION`, `DOWN_STATION`, `CLASS`, `FARE`, `SEATS`, `STATUS`) VALUES ('11140', 'CSMT GADAG EXP', '2022-02-25', 'PUNE', 'MUMBAI', '2S', '105', '24', 'WL');
INSERT INTO `train_2s_reservation` (`TRAIN_NO`, `TRAIN_NAME`, `DEPT_DATE`, `UP_STATION`, `DOWN_STATION`, `CLASS`, `FARE`, `SEATS`, `STATUS`) VALUES ('12311', 'NETAJI EXPRESS', '2022-02-20', 'PURI', 'NEW DELHI', '2S', '380', '5', 'WL');
INSERT INTO `train_2s_reservation` (`TRAIN_NO`, `TRAIN_NAME`, `DEPT_DATE`, `UP_STATION`, `DOWN_STATION`, `CLASS`, `FARE`, `SEATS`, `STATUS`) VALUES ('12311', 'NETAJI EXPRESS', '2022-02-21', 'PURI', 'NEW DELHI', '2S', '380', '3', 'WL');
INSERT INTO `train_2s_reservation` (`TRAIN_NO`, `TRAIN_NAME`, `DEPT_DATE`, `UP_STATION`, `DOWN_STATION`, `CLASS`, `FARE`, `SEATS`, `STATUS`) VALUES ('12312', 'NETAJI EXPRESS', '2022-02-20', 'NEW DELHI', 'PURI', '2S', '350', '25', 'WL');
INSERT INTO `train_2s_reservation` (`TRAIN_NO`, `TRAIN_NAME`, `DEPT_DATE`, `UP_STATION`, `DOWN_STATION`, `CLASS`, `FARE`, `SEATS`, `STATUS`) VALUES ('12312', 'NETAJI EXPRESS', '2022-02-21', 'NEW DELHI', 'PURI', '2S', '350', '7', 'WL');
INSERT INTO `train_2s_reservation` (`TRAIN_NO`, `TRAIN_NAME`, `DEPT_DATE`, `UP_STATION`, `DOWN_STATION`, `CLASS`, `FARE`, `SEATS`, `STATUS`) VALUES ('12313', 'SEALDAH RAJDHANI', '2022-02-21', 'PURI', 'NEW DELHI', '2S', '350', '6', 'WL');
INSERT INTO `train_2s_reservation` (`TRAIN_NO`, `TRAIN_NAME`, `DEPT_DATE`, `UP_STATION`, `DOWN_STATION`, `CLASS`, `FARE`, `SEATS`, `STATUS`) VALUES ('12345', 'SARAIGHAT EXP', '2022-02-20', 'PURI', 'PURI', '2S', '310', '11', 'WL');
INSERT INTO `train_2s_reservation` (`TRAIN_NO`, `TRAIN_NAME`, `DEPT_DATE`, `UP_STATION`, `DOWN_STATION`, `CLASS`, `FARE`, `SEATS`, `STATUS`) VALUES ('12345', 'SARAIGHAT EXP', '2022-02-21', 'PURI', 'PURI', '2S', '310', '11', 'WL');
INSERT INTO `train_2s_reservation` (`TRAIN_NO`, `TRAIN_NAME`, `DEPT_DATE`, `UP_STATION`, `DOWN_STATION`, `CLASS`, `FARE`, `SEATS`, `STATUS`) VALUES ('12346', 'SARAIGHAT EXP', '2022-02-20', 'PURI', 'PURI', '2S', '310', '19', 'WL');
INSERT INTO `train_2s_reservation` (`TRAIN_NO`, `TRAIN_NAME`, `DEPT_DATE`, `UP_STATION`, `DOWN_STATION`, `CLASS`, `FARE`, `SEATS`, `STATUS`) VALUES ('12346', 'SARAIGHAT EXP', '2022-02-21', 'PURI', 'PURI', '2S', '310', '3', 'WL');
INSERT INTO `train_2s_reservation` (`TRAIN_NO`, `TRAIN_NAME`, `DEPT_DATE`, `UP_STATION`, `DOWN_STATION`, `CLASS`, `FARE`, `SEATS`, `STATUS`) VALUES ('12449', 'GOA S KRANTI', '2022-02-22', 'AGRA', 'JODHPUR', '2S', '300', '15', 'WL');
INSERT INTO `train_2s_reservation` (`TRAIN_NO`, `TRAIN_NAME`, `DEPT_DATE`, `UP_STATION`, `DOWN_STATION`, `CLASS`, `FARE`, `SEATS`, `STATUS`) VALUES ('12449', 'GOA S KRANTI', '2022-02-23', 'AGRA', 'MUMBAI', '2S', '235', '15', 'WL');
INSERT INTO `train_2s_reservation` (`TRAIN_NO`, `TRAIN_NAME`, `DEPT_DATE`, `UP_STATION`, `DOWN_STATION`, `CLASS`, `FARE`, `SEATS`, `STATUS`) VALUES ('12449', 'GOA S KRANTI', '2022-02-24', 'AGRA', 'MUMBAI', '2S', '235', '154', 'AVL');
INSERT INTO `train_2s_reservation` (`TRAIN_NO`, `TRAIN_NAME`, `DEPT_DATE`, `UP_STATION`, `DOWN_STATION`, `CLASS`, `FARE`, `SEATS`, `STATUS`) VALUES ('12450', 'GOA S KRANTI', '2022-02-22', 'MUMBAI', 'AGRA', '2S', '220', '1', 'AVL');
INSERT INTO `train_2s_reservation` (`TRAIN_NO`, `TRAIN_NAME`, `DEPT_DATE`, `UP_STATION`, `DOWN_STATION`, `CLASS`, `FARE`, `SEATS`, `STATUS`) VALUES ('12450', 'GOA S KRANTI', '2022-02-26', 'JODHPUR', 'AGRA', '2S', '310', '9', 'WL');
INSERT INTO `train_2s_reservation` (`TRAIN_NO`, `TRAIN_NAME`, `DEPT_DATE`, `UP_STATION`, `DOWN_STATION`, `CLASS`, `FARE`, `SEATS`, `STATUS`) VALUES ('12471', 'SWARAJ EXPRESS', '2022-02-24', 'MUMBAI', 'GAYA', '2S', '430', '8', 'WL');
INSERT INTO `train_2s_reservation` (`TRAIN_NO`, `TRAIN_NAME`, `DEPT_DATE`, `UP_STATION`, `DOWN_STATION`, `CLASS`, `FARE`, `SEATS`, `STATUS`) VALUES ('12471', 'SWARAJ EXPRESS', '2022-02-24', 'JODHPUR', 'GAYA', '2S', '430', '9', 'WL');
INSERT INTO `train_2s_reservation` (`TRAIN_NO`, `TRAIN_NAME`, `DEPT_DATE`, `UP_STATION`, `DOWN_STATION`, `CLASS`, `FARE`, `SEATS`, `STATUS`) VALUES ('12471', 'SWARAJ EXPRESS', '2022-02-25', 'JODHPUR', 'GAYA', '2S', '430', '8', 'WL');



INSERT INTO `train_SL_reservation` (`TRAIN_NO`, `TRAIN_NAME`, `DEPT_DATE`, `UP_STATION`, `DOWN_STATION`, `CLASS`, `FARE`, `SEATS`, `STATUS`) VALUES ('2984', 'AGTL BNC EXP', '2022-02-22', 'PURI', 'BENGALURU', 'SL', '1140', '106', 'WL');
INSERT INTO `train_SL_reservation` (`TRAIN_NO`, `TRAIN_NAME`, `DEPT_DATE`, `UP_STATION`, `DOWN_STATION`, `CLASS`, `FARE`, `SEATS`, `STATUS`) VALUES ('10103', 'MANDOVI EXPRESS', '2022-02-21', 'MUMBAI', 'AGRA', 'SL', '370', '156', 'WL');
INSERT INTO `train_SL_reservation` (`TRAIN_NO`, `TRAIN_NAME`, `DEPT_DATE`, `UP_STATION`, `DOWN_STATION`, `CLASS`, `FARE`, `SEATS`, `STATUS`) VALUES ('10103', 'MANDOVI EXPRESS', '2022-02-22', 'MUMBAI', 'AGRA', 'SL', '370', '128', 'WL');
INSERT INTO `train_SL_reservation` (`TRAIN_NO`, `TRAIN_NAME`, `DEPT_DATE`, `UP_STATION`, `DOWN_STATION`, `CLASS`, `FARE`, `SEATS`, `STATUS`) VALUES ('10104', 'MANDOVI EXPRESS', '2022-02-23', 'AGRA', 'MUMBAI', 'SL', '370', '10', 'RAC');
INSERT INTO `train_SL_reservation` (`TRAIN_NO`, `TRAIN_NAME`, `DEPT_DATE`, `UP_STATION`, `DOWN_STATION`, `CLASS`, `FARE`, `SEATS`, `STATUS`) VALUES ('10104', 'MANDOVI EXPRESS', '2022-02-24', 'AGRA', 'MUMBAI', 'SL', '370', '37', 'WL');
INSERT INTO `train_SL_reservation` (`TRAIN_NO`, `TRAIN_NAME`, `DEPT_DATE`, `UP_STATION`, `DOWN_STATION`, `CLASS`, `FARE`, `SEATS`, `STATUS`) VALUES ('11021', 'TIRUNELVELI EX', '2022-02-22', 'MUMBAI', 'GOA', 'SL', '665', '19', 'RAC');
INSERT INTO `train_SL_reservation` (`TRAIN_NO`, `TRAIN_NAME`, `DEPT_DATE`, `UP_STATION`, `DOWN_STATION`, `CLASS`, `FARE`, `SEATS`, `STATUS`) VALUES ('11021', 'TIRUNELVELI EX', '2022-02-23', 'MUMBAI', 'GOA', 'SL', '665', '54', 'AVL');
INSERT INTO `train_SL_reservation` (`TRAIN_NO`, `TRAIN_NAME`, `DEPT_DATE`, `UP_STATION`, `DOWN_STATION`, `CLASS`, `FARE`, `SEATS`, `STATUS`) VALUES ('11021', 'TIRUNELVELI EX', '2022-02-23', 'PUNE', 'GOA', 'SL', '610', '66', 'WL');
INSERT INTO `train_SL_reservation` (`TRAIN_NO`, `TRAIN_NAME`, `DEPT_DATE`, `UP_STATION`, `DOWN_STATION`, `CLASS`, `FARE`, `SEATS`, `STATUS`) VALUES ('11021', 'TIRUNELVELI EX', '2022-02-24', 'PUNE', 'GOA', 'SL', '610', '55', 'WL');
INSERT INTO `train_SL_reservation` (`TRAIN_NO`, `TRAIN_NAME`, `DEPT_DATE`, `UP_STATION`, `DOWN_STATION`, `CLASS`, `FARE`, `SEATS`, `STATUS`) VALUES ('11022', 'TIRUNELVELI EX', '2022-02-24', 'GOA', 'MUMBAI', 'SL', '665', '13', 'RAC');
INSERT INTO `train_SL_reservation` (`TRAIN_NO`, `TRAIN_NAME`, `DEPT_DATE`, `UP_STATION`, `DOWN_STATION`, `CLASS`, `FARE`, `SEATS`, `STATUS`) VALUES ('11022', 'TIRUNELVELI EX', '2022-02-25', 'GOA', 'MUMBAI', 'SL', '665', '35', 'RAC');
INSERT INTO `train_SL_reservation` (`TRAIN_NO`, `TRAIN_NAME`, `DEPT_DATE`, `UP_STATION`, `DOWN_STATION`, `CLASS`, `FARE`, `SEATS`, `STATUS`) VALUES ('11022', 'TIRUNELVELI EX', '2022-02-24', 'GOA', 'PUNE', 'SL', '555', '16', 'WL');
INSERT INTO `train_SL_reservation` (`TRAIN_NO`, `TRAIN_NAME`, `DEPT_DATE`, `UP_STATION`, `DOWN_STATION`, `CLASS`, `FARE`, `SEATS`, `STATUS`) VALUES ('11022', 'TIRUNELVELI EX', '2022-03-03', 'GOA', 'PUNE', 'SL', '610', '1', 'WL');
INSERT INTO `train_SL_reservation` (`TRAIN_NO`, `TRAIN_NAME`, `DEPT_DATE`, `UP_STATION`, `DOWN_STATION`, `CLASS`, `FARE`, `SEATS`, `STATUS`) VALUES ('11077', 'JHELIM EXPRESS', '2022-02-21', 'NEW DELHI', 'GAYA', 'SL', '335', '54', 'WL');
INSERT INTO `train_SL_reservation` (`TRAIN_NO`, `TRAIN_NAME`, `DEPT_DATE`, `UP_STATION`, `DOWN_STATION`, `CLASS`, `FARE`, `SEATS`, `STATUS`) VALUES ('11077', 'JHELIM EXPRESS', '2022-02-22', 'NEW DELHI', 'GAYA', 'SL', '335', '29', 'WL');
INSERT INTO `train_SL_reservation` (`TRAIN_NO`, `TRAIN_NAME`, `DEPT_DATE`, `UP_STATION`, `DOWN_STATION`, `CLASS`, `FARE`, `SEATS`, `STATUS`) VALUES ('11077', 'JHELIM EXPRESS', '2022-02-22', 'PUNE', 'NEW DELHI', 'SL', '845', '5', 'TWL');
INSERT INTO `train_SL_reservation` (`TRAIN_NO`, `TRAIN_NAME`, `DEPT_DATE`, `UP_STATION`, `DOWN_STATION`, `CLASS`, `FARE`, `SEATS`, `STATUS`) VALUES ('11077', 'JHELIM EXPRESS', '2022-02-23', 'PUNE', 'NEW DELHI', 'SL', '590', '79', 'WL');
INSERT INTO `train_SL_reservation` (`TRAIN_NO`, `TRAIN_NAME`, `DEPT_DATE`, `UP_STATION`, `DOWN_STATION`, `CLASS`, `FARE`, `SEATS`, `STATUS`) VALUES ('11077', 'JHELIM EXPRESS', '2022-02-22', 'PUNE', 'GAYA', 'SL', '790', '46', 'WL');
INSERT INTO `train_SL_reservation` (`TRAIN_NO`, `TRAIN_NAME`, `DEPT_DATE`, `UP_STATION`, `DOWN_STATION`, `CLASS`, `FARE`, `SEATS`, `STATUS`) VALUES ('11077', 'JHELIM EXPRESS', '2022-02-23', 'PUNE', 'GAYA', 'SL', '790', '13', 'WL');
INSERT INTO `train_SL_reservation` (`TRAIN_NO`, `TRAIN_NAME`, `DEPT_DATE`, `UP_STATION`, `DOWN_STATION`, `CLASS`, `FARE`, `SEATS`, `STATUS`) VALUES ('11077', 'JHELIM EXPRESS', '2022-02-21', 'AGRA', 'GAYA', 'SL', '790', '48', 'WL');
INSERT INTO `train_SL_reservation` (`TRAIN_NO`, `TRAIN_NAME`, `DEPT_DATE`, `UP_STATION`, `DOWN_STATION`, `CLASS`, `FARE`, `SEATS`, `STATUS`) VALUES ('11078', 'JHELIM EXPRESS', '2022-02-21', 'NEW DELHI', 'PUNE', 'SL', '585', '93', 'WL');
INSERT INTO `train_SL_reservation` (`TRAIN_NO`, `TRAIN_NAME`, `DEPT_DATE`, `UP_STATION`, `DOWN_STATION`, `CLASS`, `FARE`, `SEATS`, `STATUS`) VALUES ('11078', 'JHELIM EXPRESS', '2022-02-22', 'NEW DELHI', 'PUNE', 'SL', '585', '62', 'WL');
INSERT INTO `train_SL_reservation` (`TRAIN_NO`, `TRAIN_NAME`, `DEPT_DATE`, `UP_STATION`, `DOWN_STATION`, `CLASS`, `FARE`, `SEATS`, `STATUS`) VALUES ('11078', 'JHELIM EXPRESS', '2022-02-21', 'GAYA', 'PUNE', 'SL', '790', '4', 'WL');
INSERT INTO `train_SL_reservation` (`TRAIN_NO`, `TRAIN_NAME`, `DEPT_DATE`, `UP_STATION`, `DOWN_STATION`, `CLASS`, `FARE`, `SEATS`, `STATUS`) VALUES ('11078', 'JHELIM EXPRESS', '2022-02-22', 'GAYA', 'PUNE', 'SL', '790', '58', 'RAC');
INSERT INTO `train_SL_reservation` (`TRAIN_NO`, `TRAIN_NAME`, `DEPT_DATE`, `UP_STATION`, `DOWN_STATION`, `CLASS`, `FARE`, `SEATS`, `STATUS`) VALUES ('11078', 'JHELIM EXPRESS', '2022-02-22', 'GAYA', 'NEW DELHI', 'SL', '335', '59', 'WL');
INSERT INTO `train_SL_reservation` (`TRAIN_NO`, `TRAIN_NAME`, `DEPT_DATE`, `UP_STATION`, `DOWN_STATION`, `CLASS`, `FARE`, `SEATS`, `STATUS`) VALUES ('11078', 'JHELIM EXPRESS', '2022-02-23', 'GAYA', 'NEW DELHI', 'SL', '335', '48', 'WL');
INSERT INTO `train_SL_reservation` (`TRAIN_NO`, `TRAIN_NAME`, `DEPT_DATE`, `UP_STATION`, `DOWN_STATION`, `CLASS`, `FARE`, `SEATS`, `STATUS`) VALUES ('11139', 'CSMT GADAG EXP', '2022-02-21', 'MUMBAI', 'PUNE', 'SL', '175', '27', 'AVL');
INSERT INTO `train_SL_reservation` (`TRAIN_NO`, `TRAIN_NAME`, `DEPT_DATE`, `UP_STATION`, `DOWN_STATION`, `CLASS`, `FARE`, `SEATS`, `STATUS`) VALUES ('11139', 'CSMT GADAG EXP', '2022-02-22', 'MUMBAI', 'PUNE', 'SL', '175', '8', 'AVL');
INSERT INTO `train_SL_reservation` (`TRAIN_NO`, `TRAIN_NAME`, `DEPT_DATE`, `UP_STATION`, `DOWN_STATION`, `CLASS`, `FARE`, `SEATS`, `STATUS`) VALUES ('11140', 'CSMT GADAG EXP', '2022-02-24', 'PUNE', 'MUMBAI', 'SL', '165', '39', 'WL');
INSERT INTO `train_SL_reservation` (`TRAIN_NO`, `TRAIN_NAME`, `DEPT_DATE`, `UP_STATION`, `DOWN_STATION`, `CLASS`, `FARE`, `SEATS`, `STATUS`) VALUES ('11140', 'CSMT GADAG EXP', '2022-02-25', 'PUNE', 'MUMBAI', 'SL', '175', '70', 'WL');
INSERT INTO `train_SL_reservation` (`TRAIN_NO`, `TRAIN_NAME`, `DEPT_DATE`, `UP_STATION`, `DOWN_STATION`, `CLASS`, `FARE`, `SEATS`, `STATUS`) VALUES ('12178', 'CHAMBAL EXP', '2022-02-21', 'AGRA', 'PURI', 'SL', '570', '6', 'WL');
INSERT INTO `train_SL_reservation` (`TRAIN_NO`, `TRAIN_NAME`, `DEPT_DATE`, `UP_STATION`, `DOWN_STATION`, `CLASS`, `FARE`, `SEATS`, `STATUS`) VALUES ('12311', 'NETAJI EXPRESS', '2022-02-20', 'PURI', 'NEW DELHI', 'SL', '635', '8', 'WL');
INSERT INTO `train_SL_reservation` (`TRAIN_NO`, `TRAIN_NAME`, `DEPT_DATE`, `UP_STATION`, `DOWN_STATION`, `CLASS`, `FARE`, `SEATS`, `STATUS`) VALUES ('12311', 'NETAJI EXPRESS', '2022-02-21', 'PURI', 'NEW DELHI', 'SL', '635', '8', 'AVL');
INSERT INTO `train_SL_reservation` (`TRAIN_NO`, `TRAIN_NAME`, `DEPT_DATE`, `UP_STATION`, `DOWN_STATION`, `CLASS`, `FARE`, `SEATS`, `STATUS`) VALUES ('12312', 'NETAJI EXPRESS', '2022-02-20', 'NEW DELHI', 'PURI', 'SL', '600', '56', 'WL');
INSERT INTO `train_SL_reservation` (`TRAIN_NO`, `TRAIN_NAME`, `DEPT_DATE`, `UP_STATION`, `DOWN_STATION`, `CLASS`, `FARE`, `SEATS`, `STATUS`) VALUES ('12312', 'NETAJI EXPRESS', '2022-02-21', 'NEW DELHI', 'PURI', 'SL', '600', '19', 'WL');
INSERT INTO `train_SL_reservation` (`TRAIN_NO`, `TRAIN_NAME`, `DEPT_DATE`, `UP_STATION`, `DOWN_STATION`, `CLASS`, `FARE`, `SEATS`, `STATUS`) VALUES ('12313', 'SEALDAH RAJDHANI', '2022-02-21', 'PURI', 'NEW DELHI', 'SL', '610', '2', 'AVL');
INSERT INTO `train_SL_reservation` (`TRAIN_NO`, `TRAIN_NAME`, `DEPT_DATE`, `UP_STATION`, `DOWN_STATION`, `CLASS`, `FARE`, `SEATS`, `STATUS`) VALUES ('12345', 'SARAIGHAT EXP', '2022-02-20', 'PURI', 'PURI', 'SL', '520', '445', 'WL');
INSERT INTO `train_SL_reservation` (`TRAIN_NO`, `TRAIN_NAME`, `DEPT_DATE`, `UP_STATION`, `DOWN_STATION`, `CLASS`, `FARE`, `SEATS`, `STATUS`) VALUES ('12345', 'SARAIGHAT EXP', '2022-02-21', 'PURI', 'PURI', 'SL', '520', '24', 'WL');
INSERT INTO `train_SL_reservation` (`TRAIN_NO`, `TRAIN_NAME`, `DEPT_DATE`, `UP_STATION`, `DOWN_STATION`, `CLASS`, `FARE`, `SEATS`, `STATUS`) VALUES ('12346', 'SARAIGHAT EXP', '2022-02-20', 'PURI', 'PURI', 'SL', '475', '45', 'WL');
INSERT INTO `train_SL_reservation` (`TRAIN_NO`, `TRAIN_NAME`, `DEPT_DATE`, `UP_STATION`, `DOWN_STATION`, `CLASS`, `FARE`, `SEATS`, `STATUS`) VALUES ('12346', 'SARAIGHAT EXP', '2022-02-21', 'PURI', 'PURI', 'SL', '475', '9', 'WL');
INSERT INTO `train_SL_reservation` (`TRAIN_NO`, `TRAIN_NAME`, `DEPT_DATE`, `UP_STATION`, `DOWN_STATION`, `CLASS`, `FARE`, `SEATS`, `STATUS`) VALUES ('12449', 'GOA S KRANTI', '2022-02-23', 'AGRA', 'MUMBAI', 'SL', '400', '22', 'WL');
INSERT INTO `train_SL_reservation` (`TRAIN_NO`, `TRAIN_NAME`, `DEPT_DATE`, `UP_STATION`, `DOWN_STATION`, `CLASS`, `FARE`, `SEATS`, `STATUS`) VALUES ('12449', 'GOA S KRANTI', '2022-02-24', 'AGRA', 'MUMBAI', 'SL', '400', '79', 'WL');
INSERT INTO `train_SL_reservation` (`TRAIN_NO`, `TRAIN_NAME`, `DEPT_DATE`, `UP_STATION`, `DOWN_STATION`, `CLASS`, `FARE`, `SEATS`, `STATUS`) VALUES ('12450', 'GOA S KRANTI', '2022-02-21', 'MUMBAI', 'AGRA', 'SL', '435', '39', 'WL');
INSERT INTO `train_SL_reservation` (`TRAIN_NO`, `TRAIN_NAME`, `DEPT_DATE`, `UP_STATION`, `DOWN_STATION`, `CLASS`, `FARE`, `SEATS`, `STATUS`) VALUES ('12450', 'GOA S KRANTI', '2022-02-22', 'MUMBAI', 'AGRA', 'SL', '410', '39', 'WL');
INSERT INTO `train_SL_reservation` (`TRAIN_NO`, `TRAIN_NAME`, `DEPT_DATE`, `UP_STATION`, `DOWN_STATION`, `CLASS`, `FARE`, `SEATS`, `STATUS`) VALUES ('12450', 'GOA S KRANTI', '2022-02-26', 'JODHPUR', 'AGRA', 'SL', '520', '26', 'WL');
INSERT INTO `train_SL_reservation` (`TRAIN_NO`, `TRAIN_NAME`, `DEPT_DATE`, `UP_STATION`, `DOWN_STATION`, `CLASS`, `FARE`, `SEATS`, `STATUS`) VALUES ('12471', 'SWARAJ EXPRESS', '2022-02-24', 'MUMBAI', 'GAYA', 'SL', '700', '56', 'WL');
INSERT INTO `train_SL_reservation` (`TRAIN_NO`, `TRAIN_NAME`, `DEPT_DATE`, `UP_STATION`, `DOWN_STATION`, `CLASS`, `FARE`, `SEATS`, `STATUS`) VALUES ('12471', 'SWARAJ EXPRESS', '2022-02-24', 'JODHPUR', 'GAYA', 'SL', '700', '26', 'WL');
INSERT INTO `train_SL_reservation` (`TRAIN_NO`, `TRAIN_NAME`, `DEPT_DATE`, `UP_STATION`, `DOWN_STATION`, `CLASS`, `FARE`, `SEATS`, `STATUS`) VALUES ('12471', 'SWARAJ EXPRESS', '2022-02-25', 'JODHPUR', 'GAYA', 'SL', '700', '32', 'WL');



INSERT INTO `train_3a_reservation` (`TRAIN_NO`, `TRAIN_NAME`, `DEPT_DATE`, `UP_STATION`, `DOWN_STATION`, `CLASS`, `FARE`, `SEATS`, `STATUS`) VALUES ('2984', 'AGTL BNC EXP', '2022-02-22', 'PURI', 'BENGALURU', '3A', '2855', '37', 'WL');
INSERT INTO `train_3a_reservation` (`TRAIN_NO`, `TRAIN_NAME`, `DEPT_DATE`, `UP_STATION`, `DOWN_STATION`, `CLASS`, `FARE`, `SEATS`, `STATUS`) VALUES ('10103', 'MANDOVI EXPRESS', '2022-02-22', 'MUMBAI', 'AGRA', '3A', '995', '35', 'WL');
INSERT INTO `train_3a_reservation` (`TRAIN_NO`, `TRAIN_NAME`, `DEPT_DATE`, `UP_STATION`, `DOWN_STATION`, `CLASS`, `FARE`, `SEATS`, `STATUS`) VALUES ('10104', 'MANDOVI EXPRESS', '2022-02-23', 'AGRA', 'MUMBAI', '3A', '995', '22', 'RAC');
INSERT INTO `train_3a_reservation` (`TRAIN_NO`, `TRAIN_NAME`, `DEPT_DATE`, `UP_STATION`, `DOWN_STATION`, `CLASS`, `FARE`, `SEATS`, `STATUS`) VALUES ('10104', 'MANDOVI EXPRESS', '2022-02-24', 'AGRA', 'MUMBAI', '3A', '995', '16', 'RAC');
INSERT INTO `train_3a_reservation` (`TRAIN_NO`, `TRAIN_NAME`, `DEPT_DATE`, `UP_STATION`, `DOWN_STATION`, `CLASS`, `FARE`, `SEATS`, `STATUS`) VALUES ('11021', 'TIRUNELVELI EX', '2022-02-22', 'MUMBAI', 'GOA', '3A', '1775', '37', 'AVL');
INSERT INTO `train_3a_reservation` (`TRAIN_NO`, `TRAIN_NAME`, `DEPT_DATE`, `UP_STATION`, `DOWN_STATION`, `CLASS`, `FARE`, `SEATS`, `STATUS`) VALUES ('11021', 'TIRUNELVELI EX', '2022-02-23', 'MUMBAI', 'GOA', '3A', '1775', '49', 'AVL');
INSERT INTO `train_3a_reservation` (`TRAIN_NO`, `TRAIN_NAME`, `DEPT_DATE`, `UP_STATION`, `DOWN_STATION`, `CLASS`, `FARE`, `SEATS`, `STATUS`) VALUES ('11021', 'TIRUNELVELI EX', '2022-02-23', 'PUNE', 'GOA', '3A', '1635', '15', 'WL');
INSERT INTO `train_3a_reservation` (`TRAIN_NO`, `TRAIN_NAME`, `DEPT_DATE`, `UP_STATION`, `DOWN_STATION`, `CLASS`, `FARE`, `SEATS`, `STATUS`) VALUES ('11021', 'TIRUNELVELI EX', '2022-02-24', 'PUNE', 'GOA', '3A', '1635', '12', 'WL');
INSERT INTO `train_3a_reservation` (`TRAIN_NO`, `TRAIN_NAME`, `DEPT_DATE`, `UP_STATION`, `DOWN_STATION`, `CLASS`, `FARE`, `SEATS`, `STATUS`) VALUES ('11022', 'TIRUNELVELI EX', '2022-02-24', 'GOA', 'MUMBAI', '3A', '1775', '48', 'AVL');
INSERT INTO `train_3a_reservation` (`TRAIN_NO`, `TRAIN_NAME`, `DEPT_DATE`, `UP_STATION`, `DOWN_STATION`, `CLASS`, `FARE`, `SEATS`, `STATUS`) VALUES ('11022', 'TIRUNELVELI EX', '2022-02-25', 'GOA', 'MUMBAI', '3A', '1775', '42', 'AVL');
INSERT INTO `train_3a_reservation` (`TRAIN_NO`, `TRAIN_NAME`, `DEPT_DATE`, `UP_STATION`, `DOWN_STATION`, `CLASS`, `FARE`, `SEATS`, `STATUS`) VALUES ('11022', 'TIRUNELVELI EX', '2022-02-24', 'GOA', 'PUNE', '3A', '1475', '3', 'WL');
INSERT INTO `train_3a_reservation` (`TRAIN_NO`, `TRAIN_NAME`, `DEPT_DATE`, `UP_STATION`, `DOWN_STATION`, `CLASS`, `FARE`, `SEATS`, `STATUS`) VALUES ('11022', 'TIRUNELVELI EX', '2022-03-03', 'GOA', 'PUNE', '3A', '1475', '2', 'WL');
INSERT INTO `train_3a_reservation` (`TRAIN_NO`, `TRAIN_NAME`, `DEPT_DATE`, `UP_STATION`, `DOWN_STATION`, `CLASS`, `FARE`, `SEATS`, `STATUS`) VALUES ('11077', 'JHELIM EXPRESS', '2022-02-21', 'NEW DELHI', 'GAYA', '3A', '910', '24', 'WL');
INSERT INTO `train_3a_reservation` (`TRAIN_NO`, `TRAIN_NAME`, `DEPT_DATE`, `UP_STATION`, `DOWN_STATION`, `CLASS`, `FARE`, `SEATS`, `STATUS`) VALUES ('11077', 'JHELIM EXPRESS', '2022-02-22', 'NEW DELHI', 'GAYA', '3A', '910', '16', 'WL');
INSERT INTO `train_3a_reservation` (`TRAIN_NO`, `TRAIN_NAME`, `DEPT_DATE`, `UP_STATION`, `DOWN_STATION`, `CLASS`, `FARE`, `SEATS`, `STATUS`) VALUES ('11077', 'JHELIM EXPRESS', '2022-02-22', 'PUNE', 'NEW DELHI', '3A', '2160', '2', 'TWL');
INSERT INTO `train_3a_reservation` (`TRAIN_NO`, `TRAIN_NAME`, `DEPT_DATE`, `UP_STATION`, `DOWN_STATION`, `CLASS`, `FARE`, `SEATS`, `STATUS`) VALUES ('11077', 'JHELIM EXPRESS', '2022-02-23', 'PUNE', 'NEW DELHI', '3A', '1570', '31', 'WL');
INSERT INTO `train_3a_reservation` (`TRAIN_NO`, `TRAIN_NAME`, `DEPT_DATE`, `UP_STATION`, `DOWN_STATION`, `CLASS`, `FARE`, `SEATS`, `STATUS`) VALUES ('11077', 'JHELIM EXPRESS', '2022-02-22', 'PUNE', 'GAYA', '3A', '1890', '25', 'RAC');
INSERT INTO `train_3a_reservation` (`TRAIN_NO`, `TRAIN_NAME`, `DEPT_DATE`, `UP_STATION`, `DOWN_STATION`, `CLASS`, `FARE`, `SEATS`, `STATUS`) VALUES ('11077', 'JHELIM EXPRESS', '2022-02-23', 'PUNE', 'GAYA', '3A', '1890', '5', 'RAC');
INSERT INTO `train_3a_reservation` (`TRAIN_NO`, `TRAIN_NAME`, `DEPT_DATE`, `UP_STATION`, `DOWN_STATION`, `CLASS`, `FARE`, `SEATS`, `STATUS`) VALUES ('11077', 'JHELIM EXPRESS', '2022-02-21', 'AGRA', 'GAYA', '3A', '3050', '7', 'RAC');
INSERT INTO `train_3a_reservation` (`TRAIN_NO`, `TRAIN_NAME`, `DEPT_DATE`, `UP_STATION`, `DOWN_STATION`, `CLASS`, `FARE`, `SEATS`, `STATUS`) VALUES ('11078', 'JHELIM EXPRESS', '2022-02-21', 'NEW DELHI', 'PUNE', '3A', '1555', '19', 'WL');
INSERT INTO `train_3a_reservation` (`TRAIN_NO`, `TRAIN_NAME`, `DEPT_DATE`, `UP_STATION`, `DOWN_STATION`, `CLASS`, `FARE`, `SEATS`, `STATUS`) VALUES ('11078', 'JHELIM EXPRESS', '2022-02-22', 'NEW DELHI', 'PUNE', '3A', '1555', '18', 'WL');
INSERT INTO `train_3a_reservation` (`TRAIN_NO`, `TRAIN_NAME`, `DEPT_DATE`, `UP_STATION`, `DOWN_STATION`, `CLASS`, `FARE`, `SEATS`, `STATUS`) VALUES ('11078', 'JHELIM EXPRESS', '2022-02-21', 'GAYA', 'PUNE', '3A', '2085', '3', 'AVL');
INSERT INTO `train_3a_reservation` (`TRAIN_NO`, `TRAIN_NAME`, `DEPT_DATE`, `UP_STATION`, `DOWN_STATION`, `CLASS`, `FARE`, `SEATS`, `STATUS`) VALUES ('11078', 'JHELIM EXPRESS', '2022-02-22', 'GAYA', 'PUNE', '3A', '2085', '53', 'AVL');
INSERT INTO `train_3a_reservation` (`TRAIN_NO`, `TRAIN_NAME`, `DEPT_DATE`, `UP_STATION`, `DOWN_STATION`, `CLASS`, `FARE`, `SEATS`, `STATUS`) VALUES ('11078', 'JHELIM EXPRESS', '2022-02-22', 'GAYA', 'NEW DELHI', '3A', '910', '25', 'WL');
INSERT INTO `train_3a_reservation` (`TRAIN_NO`, `TRAIN_NAME`, `DEPT_DATE`, `UP_STATION`, `DOWN_STATION`, `CLASS`, `FARE`, `SEATS`, `STATUS`) VALUES ('11139', 'CSMT GADAG EXP', '2022-02-21', 'MUMBAI', 'PUNE', '3A', '555', '10', 'AVL');
INSERT INTO `train_3a_reservation` (`TRAIN_NO`, `TRAIN_NAME`, `DEPT_DATE`, `UP_STATION`, `DOWN_STATION`, `CLASS`, `FARE`, `SEATS`, `STATUS`) VALUES ('11139', 'CSMT GADAG EXP', '2022-02-22', 'MUMBAI', 'PUNE', '3A', '555', '23', 'AVL');
INSERT INTO `train_3a_reservation` (`TRAIN_NO`, `TRAIN_NAME`, `DEPT_DATE`, `UP_STATION`, `DOWN_STATION`, `CLASS`, `FARE`, `SEATS`, `STATUS`) VALUES ('11140', 'CSMT GADAG EXP', '2022-02-24', 'PUNE', 'MUMBAI', '3A', '510', '6', 'WL');
INSERT INTO `train_3a_reservation` (`TRAIN_NO`, `TRAIN_NAME`, `DEPT_DATE`, `UP_STATION`, `DOWN_STATION`, `CLASS`, `FARE`, `SEATS`, `STATUS`) VALUES ('11140', 'CSMT GADAG EXP', '2022-02-25', 'PUNE', 'MUMBAI', '3A', '510', '15', 'WL');
INSERT INTO `train_3a_reservation` (`TRAIN_NO`, `TRAIN_NAME`, `DEPT_DATE`, `UP_STATION`, `DOWN_STATION`, `CLASS`, `FARE`, `SEATS`, `STATUS`) VALUES ('12178', 'CHAMBAL EXP', '2022-02-21', 'AGRA', 'PURI', '3A', '490', '9', 'WL');
INSERT INTO `train_3a_reservation` (`TRAIN_NO`, `TRAIN_NAME`, `DEPT_DATE`, `UP_STATION`, `DOWN_STATION`, `CLASS`, `FARE`, `SEATS`, `STATUS`) VALUES ('12311', 'NETAJI EXPRESS', '2022-02-20', 'PURI', 'NEW DELHI', '3A', '1665', '3', 'TWL');
INSERT INTO `train_3a_reservation` (`TRAIN_NO`, `TRAIN_NAME`, `DEPT_DATE`, `UP_STATION`, `DOWN_STATION`, `CLASS`, `FARE`, `SEATS`, `STATUS`) VALUES ('12311', 'NETAJI EXPRESS', '2022-02-21', 'PURI', 'NEW DELHI', '3A', '1665', '120', 'WL');
INSERT INTO `train_3a_reservation` (`TRAIN_NO`, `TRAIN_NAME`, `DEPT_DATE`, `UP_STATION`, `DOWN_STATION`, `CLASS`, `FARE`, `SEATS`, `STATUS`) VALUES ('12312', 'NETAJI EXPRESS', '2022-02-20', 'NEW DELHI', 'PURI', '3A', '1565', '4', 'NA');
INSERT INTO `train_3a_reservation` (`TRAIN_NO`, `TRAIN_NAME`, `DEPT_DATE`, `UP_STATION`, `DOWN_STATION`, `CLASS`, `FARE`, `SEATS`, `STATUS`) VALUES ('12312', 'NETAJI EXPRESS', '2022-02-21', 'NEW DELHI', 'PURI', '3A', '1565', '21', 'AVL');
INSERT INTO `train_3a_reservation` (`TRAIN_NO`, `TRAIN_NAME`, `DEPT_DATE`, `UP_STATION`, `DOWN_STATION`, `CLASS`, `FARE`, `SEATS`, `STATUS`) VALUES ('12313', 'SEALDAH RAJDHANI', '2022-02-20', 'PURI', 'NEW DELHI', '3A', '3040', '19', 'WL');
INSERT INTO `train_3a_reservation` (`TRAIN_NO`, `TRAIN_NAME`, `DEPT_DATE`, `UP_STATION`, `DOWN_STATION`, `CLASS`, `FARE`, `SEATS`, `STATUS`) VALUES ('12313', 'SEALDAH RAJDHANI', '2022-02-21', 'PURI', 'NEW DELHI', '3A', '3040', '2', 'WL');
INSERT INTO `train_3a_reservation` (`TRAIN_NO`, `TRAIN_NAME`, `DEPT_DATE`, `UP_STATION`, `DOWN_STATION`, `CLASS`, `FARE`, `SEATS`, `STATUS`) VALUES ('12314', 'SEALDAH RAJDHANI', '2022-02-20', 'NEW DELHI', 'PURI', '3A', '3220', '4', 'TAVL');
INSERT INTO `train_3a_reservation` (`TRAIN_NO`, `TRAIN_NAME`, `DEPT_DATE`, `UP_STATION`, `DOWN_STATION`, `CLASS`, `FARE`, `SEATS`, `STATUS`) VALUES ('12314', 'SEALDAH RAJDHANI', '2022-02-21', 'NEW DELHI', 'PURI', '3A', '2785', '15', 'RAC');
INSERT INTO `train_3a_reservation` (`TRAIN_NO`, `TRAIN_NAME`, `DEPT_DATE`, `UP_STATION`, `DOWN_STATION`, `CLASS`, `FARE`, `SEATS`, `STATUS`) VALUES ('12345', 'SARAIGHAT EXP', '2022-02-20', 'PURI', 'PURI', '3A', '1365', '18', 'WL');
INSERT INTO `train_3a_reservation` (`TRAIN_NO`, `TRAIN_NAME`, `DEPT_DATE`, `UP_STATION`, `DOWN_STATION`, `CLASS`, `FARE`, `SEATS`, `STATUS`) VALUES ('12345', 'SARAIGHAT EXP', '2022-02-21', 'PURI', 'PURI', '3A', '1365', '1', 'WL');
INSERT INTO `train_3a_reservation` (`TRAIN_NO`, `TRAIN_NAME`, `DEPT_DATE`, `UP_STATION`, `DOWN_STATION`, `CLASS`, `FARE`, `SEATS`, `STATUS`) VALUES ('12346', 'SARAIGHAT EXP', '2022-02-20', 'PURI', 'PURI', '3A', '1240', '36', 'WL');
INSERT INTO `train_3a_reservation` (`TRAIN_NO`, `TRAIN_NAME`, `DEPT_DATE`, `UP_STATION`, `DOWN_STATION`, `CLASS`, `FARE`, `SEATS`, `STATUS`) VALUES ('12346', 'SARAIGHAT EXP', '2022-02-21', 'PURI', 'PURI', '3A', '1240', '4', 'WL');
INSERT INTO `train_3a_reservation` (`TRAIN_NO`, `TRAIN_NAME`, `DEPT_DATE`, `UP_STATION`, `DOWN_STATION`, `CLASS`, `FARE`, `SEATS`, `STATUS`) VALUES ('12423', 'DBRG RAJDHANI', '2022-02-21', 'PURI', 'NEW DELHI', '3A', '3500', '5', 'WL');
INSERT INTO `train_3a_reservation` (`TRAIN_NO`, `TRAIN_NAME`, `DEPT_DATE`, `UP_STATION`, `DOWN_STATION`, `CLASS`, `FARE`, `SEATS`, `STATUS`) VALUES ('12424', 'DBRG RAJDHANI', '2022-02-20', 'NEW DELHI', 'PURI', '3A', '3400', '5', 'WL');
INSERT INTO `train_3a_reservation` (`TRAIN_NO`, `TRAIN_NAME`, `DEPT_DATE`, `UP_STATION`, `DOWN_STATION`, `CLASS`, `FARE`, `SEATS`, `STATUS`) VALUES ('12424', 'DBRG RAJDHANI', '2022-02-21', 'NEW DELHI', 'PURI', '3A', '3400', '45', 'WL');
INSERT INTO `train_3a_reservation` (`TRAIN_NO`, `TRAIN_NAME`, `DEPT_DATE`, `UP_STATION`, `DOWN_STATION`, `CLASS`, `FARE`, `SEATS`, `STATUS`) VALUES ('12449', 'GOA S KRANTI', '2022-02-22', 'AGRA', 'JODHPUR', '3A', '1330', '22', 'WL');
INSERT INTO `train_3a_reservation` (`TRAIN_NO`, `TRAIN_NAME`, `DEPT_DATE`, `UP_STATION`, `DOWN_STATION`, `CLASS`, `FARE`, `SEATS`, `STATUS`) VALUES ('12449', 'GOA S KRANTI', '2022-02-23', 'AGRA', 'MUMBAI', '3A', '1045', '7', 'WL');
INSERT INTO `train_3a_reservation` (`TRAIN_NO`, `TRAIN_NAME`, `DEPT_DATE`, `UP_STATION`, `DOWN_STATION`, `CLASS`, `FARE`, `SEATS`, `STATUS`) VALUES ('12449', 'GOA S KRANTI', '2022-02-24', 'AGRA', 'MUMBAI', '3A', '1045', '40', 'WL');
INSERT INTO `train_3a_reservation` (`TRAIN_NO`, `TRAIN_NAME`, `DEPT_DATE`, `UP_STATION`, `DOWN_STATION`, `CLASS`, `FARE`, `SEATS`, `STATUS`) VALUES ('12450', 'GOA S KRANTI', '2022-02-21', 'MUMBAI', 'AGRA', '3A', '1150', '11', 'WL');
INSERT INTO `train_3a_reservation` (`TRAIN_NO`, `TRAIN_NAME`, `DEPT_DATE`, `UP_STATION`, `DOWN_STATION`, `CLASS`, `FARE`, `SEATS`, `STATUS`) VALUES ('12450', 'GOA S KRANTI', '2022-02-22', 'MUMBAI', 'AGRA', '3A', '980', '17', 'WL');
INSERT INTO `train_3a_reservation` (`TRAIN_NO`, `TRAIN_NAME`, `DEPT_DATE`, `UP_STATION`, `DOWN_STATION`, `CLASS`, `FARE`, `SEATS`, `STATUS`) VALUES ('12450', 'GOA S KRANTI', '2022-02-26', 'JODHPUR', 'AGRA', '3A', '1365', '20', 'WL');
INSERT INTO `train_3a_reservation` (`TRAIN_NO`, `TRAIN_NAME`, `DEPT_DATE`, `UP_STATION`, `DOWN_STATION`, `CLASS`, `FARE`, `SEATS`, `STATUS`) VALUES ('12471', 'SWARAJ EXPRESS', '2022-02-24', 'MUMBAI', 'GAYA', '3A', '1825', '30', 'WL');
INSERT INTO `train_3a_reservation` (`TRAIN_NO`, `TRAIN_NAME`, `DEPT_DATE`, `UP_STATION`, `DOWN_STATION`, `CLASS`, `FARE`, `SEATS`, `STATUS`) VALUES ('12471', 'SWARAJ EXPRESS', '2022-02-24', 'JODHPUR', 'GAYA', '3A', '1840', '14', 'WL');
INSERT INTO `train_3a_reservation` (`TRAIN_NO`, `TRAIN_NAME`, `DEPT_DATE`, `UP_STATION`, `DOWN_STATION`, `CLASS`, `FARE`, `SEATS`, `STATUS`) VALUES ('12471', 'SWARAJ EXPRESS', '2022-02-25', 'JODHPUR', 'GAYA', '3A', '1840', '10', 'WL');


INSERT INTO `train_2a_reservation` (`TRAIN_NO`, `TRAIN_NAME`, `DEPT_DATE`, `UP_STATION`, `DOWN_STATION`, `CLASS`, `FARE`, `SEATS`, `STATUS`) VALUES ('10103', 'MANDOVI EXPRESS', '2022-02-21', 'MUMBAI', 'AGRA', '2A', '1425', '6', 'WL');
INSERT INTO `train_2a_reservation` (`TRAIN_NO`, `TRAIN_NAME`, `DEPT_DATE`, `UP_STATION`, `DOWN_STATION`, `CLASS`, `FARE`, `SEATS`, `STATUS`) VALUES ('11078', 'JHELIM EXPRESS', '2022-02-23', 'GAYA', 'NEW DELHI', '2A', '1290', '13', 'AVL');
INSERT INTO `train_2a_reservation` (`TRAIN_NO`, `TRAIN_NAME`, `DEPT_DATE`, `UP_STATION`, `DOWN_STATION`, `CLASS`, `FARE`, `SEATS`, `STATUS`) VALUES ('12178', 'CHAMBAL EXP', '2022-02-21', 'AGRA', 'PURI', '2A', '2135', '15', 'WL');
INSERT INTO `train_2a_reservation` (`TRAIN_NO`, `TRAIN_NAME`, `DEPT_DATE`, `UP_STATION`, `DOWN_STATION`, `CLASS`, `FARE`, `SEATS`, `STATUS`) VALUES ('12311', 'NETAJI EXPRESS', '2022-02-20', 'PURI', 'NEW DELHI', '2A', '2440', '1', 'TWL');
INSERT INTO `train_2a_reservation` (`TRAIN_NO`, `TRAIN_NAME`, `DEPT_DATE`, `UP_STATION`, `DOWN_STATION`, `CLASS`, `FARE`, `SEATS`, `STATUS`) VALUES ('12311', 'NETAJI EXPRESS', '2022-02-21', 'PURI', 'NEW DELHI', '2A', '2440', '2', 'AVL');
INSERT INTO `train_2a_reservation` (`TRAIN_NO`, `TRAIN_NAME`, `DEPT_DATE`, `UP_STATION`, `DOWN_STATION`, `CLASS`, `FARE`, `SEATS`, `STATUS`) VALUES ('12312', 'NETAJI EXPRESS', '2022-02-20', 'NEW DELHI', 'PURI', '2A', '2125', '2', 'WL');
INSERT INTO `train_2a_reservation` (`TRAIN_NO`, `TRAIN_NAME`, `DEPT_DATE`, `UP_STATION`, `DOWN_STATION`, `CLASS`, `FARE`, `SEATS`, `STATUS`) VALUES ('12312', 'NETAJI EXPRESS', '2022-02-21', 'NEW DELHI', 'PURI', '2A', '2125', '5', 'WL');
INSERT INTO `train_2a_reservation` (`TRAIN_NO`, `TRAIN_NAME`, `DEPT_DATE`, `UP_STATION`, `DOWN_STATION`, `CLASS`, `FARE`, `SEATS`, `STATUS`) VALUES ('12313', 'SEALDAH RAJDHANI', '2022-02-20', 'PURI', 'NEW DELHI', '2A', '3805', '36', 'WL');
INSERT INTO `train_2a_reservation` (`TRAIN_NO`, `TRAIN_NAME`, `DEPT_DATE`, `UP_STATION`, `DOWN_STATION`, `CLASS`, `FARE`, `SEATS`, `STATUS`) VALUES ('12313', 'SEALDAH RAJDHANI', '2022-02-21', 'PURI', 'NEW DELHI', '2A', '3805', '8', 'TAL');
INSERT INTO `train_2a_reservation` (`TRAIN_NO`, `TRAIN_NAME`, `DEPT_DATE`, `UP_STATION`, `DOWN_STATION`, `CLASS`, `FARE`, `SEATS`, `STATUS`) VALUES ('12314', 'SEALDAH RAJDHANI', '2022-02-20', 'NEW DELHI', 'PURI', '2A', '3805', '6', 'RAC');
INSERT INTO `train_2a_reservation` (`TRAIN_NO`, `TRAIN_NAME`, `DEPT_DATE`, `UP_STATION`, `DOWN_STATION`, `CLASS`, `FARE`, `SEATS`, `STATUS`) VALUES ('12314', 'SEALDAH RAJDHANI', '2022-02-21', 'NEW DELHI', 'PURI', '2A', '4160', '23', 'AVL');
INSERT INTO `train_2a_reservation` (`TRAIN_NO`, `TRAIN_NAME`, `DEPT_DATE`, `UP_STATION`, `DOWN_STATION`, `CLASS`, `FARE`, `SEATS`, `STATUS`) VALUES ('12345', 'SARAIGHAT EXP', '2022-02-20', 'PURI', 'PURI', '2A', '1940', '14', 'WL');
INSERT INTO `train_2a_reservation` (`TRAIN_NO`, `TRAIN_NAME`, `DEPT_DATE`, `UP_STATION`, `DOWN_STATION`, `CLASS`, `FARE`, `SEATS`, `STATUS`) VALUES ('12345', 'SARAIGHAT EXP', '2022-02-21', 'PURI', 'PURI', '2A', '1940', '34', 'AVL');
INSERT INTO `train_2a_reservation` (`TRAIN_NO`, `TRAIN_NAME`, `DEPT_DATE`, `UP_STATION`, `DOWN_STATION`, `CLASS`, `FARE`, `SEATS`, `STATUS`) VALUES ('12346', 'SARAIGHAT EXP', '2022-02-20', 'PURI', 'PURI', '2A', '1755', '12', 'WL');
INSERT INTO `train_2a_reservation` (`TRAIN_NO`, `TRAIN_NAME`, `DEPT_DATE`, `UP_STATION`, `DOWN_STATION`, `CLASS`, `FARE`, `SEATS`, `STATUS`) VALUES ('12346', 'SARAIGHAT EXP', '2022-02-21', 'PURI', 'PURI', '2A', '1755', '20', 'WL');
INSERT INTO `train_2a_reservation` (`TRAIN_NO`, `TRAIN_NAME`, `DEPT_DATE`, `UP_STATION`, `DOWN_STATION`, `CLASS`, `FARE`, `SEATS`, `STATUS`) VALUES ('12423', 'DBRG RAJDHANI', '2022-02-21', 'PURI', 'NEW DELHI', '2A', '4670', '61', 'WL');
INSERT INTO `train_2a_reservation` (`TRAIN_NO`, `TRAIN_NAME`, `DEPT_DATE`, `UP_STATION`, `DOWN_STATION`, `CLASS`, `FARE`, `SEATS`, `STATUS`) VALUES ('12424', 'DBRG RAJDHANI', '2022-02-20', 'NEW DELHI', 'PURI', '2A', '5100', '2', 'WL');
INSERT INTO `train_2a_reservation` (`TRAIN_NO`, `TRAIN_NAME`, `DEPT_DATE`, `UP_STATION`, `DOWN_STATION`, `CLASS`, `FARE`, `SEATS`, `STATUS`) VALUES ('12424', 'DBRG RAJDHANI', '2022-02-21', 'NEW DELHI', 'PURI', '2A', '5100', '2', 'WL');
INSERT INTO `train_2a_reservation` (`TRAIN_NO`, `TRAIN_NAME`, `DEPT_DATE`, `UP_STATION`, `DOWN_STATION`, `CLASS`, `FARE`, `SEATS`, `STATUS`) VALUES ('12449', 'GOA S KRANTI', '2022-02-22', 'AGRA', 'JODHPUR', '2A', '1885', '7', 'WL');
INSERT INTO `train_2a_reservation` (`TRAIN_NO`, `TRAIN_NAME`, `DEPT_DATE`, `UP_STATION`, `DOWN_STATION`, `CLASS`, `FARE`, `SEATS`, `STATUS`) VALUES ('12450', 'GOA S KRANTI', '2022-02-21', 'MUMBAI', 'AGRA', '2A', '1620', '4', 'WL');


INSERT INTO `train_1a_reservation` (`TRAIN_NO`,`TRAIN_NAME`,`DEPT_DATE`,`UP_STATION`,`DOWN_STATION`,`CLASS`,`FARE`,`SEATS`,`STATUS`) VALUES (12311,'NETAJI EXPRESS','2022-02-20','PURI','NEW DELHI','1A',4045,16,'AVL');
INSERT INTO `train_1a_reservation`  (`TRAIN_NO`,`TRAIN_NAME`,`DEPT_DATE`,`UP_STATION`,`DOWN_STATION`,`CLASS`,`FARE`,`SEATS`,`STATUS`) VALUES (12311,'NETAJI EXPRESS','2022-02-21','PURI','NEW DELHI','1A',4045,19,'WL');
INSERT INTO `train_1a_reservation`  (`TRAIN_NO`,`TRAIN_NAME`,`DEPT_DATE`,`UP_STATION`,`DOWN_STATION`,`CLASS`,`FARE`,`SEATS`,`STATUS`) VALUES (12312,'NETAJI EXPRESS','2022-02-20','NEW DELHI','PURI','1A',3620,0,'NA');
INSERT INTO `train_1a_reservation`  (`TRAIN_NO`,`TRAIN_NAME`,`DEPT_DATE`,`UP_STATION`,`DOWN_STATION`,`CLASS`,`FARE`,`SEATS`,`STATUS`) VALUES (12312,'NETAJI EXPRESS','2022-02-21','NEW DELHI','PURI','1A',3620,2,'AVL');
INSERT INTO `train_1a_reservation`  (`TRAIN_NO`,`TRAIN_NAME`,`DEPT_DATE`,`UP_STATION`,`DOWN_STATION`,`CLASS`,`FARE`,`SEATS`,`STATUS`) VALUES (12313,'SEALDAH RAJDHANI','2022-02-20','PURI','NEW DELHI','1A',4760,12,'WL');
INSERT INTO `train_1a_reservation`  (`TRAIN_NO`,`TRAIN_NAME`,`DEPT_DATE`,`UP_STATION`,`DOWN_STATION`,`CLASS`,`FARE`,`SEATS`,`STATUS`) VALUES (12313,'SEALDAH RAJDHANI','2022-02-21','PURI','NEW DELHI','1A',4760,11,'TWL');
INSERT INTO `train_1a_reservation`  (`TRAIN_NO`,`TRAIN_NAME`,`DEPT_DATE`,`UP_STATION`,`DOWN_STATION`,`CLASS`,`FARE`,`SEATS`,`STATUS`) VALUES (12314,'SEALDAH RAJDHANI','2022-02-20','NEW DELHI','PURI','1A',4760,1,'WL');
INSERT INTO `train_1a_reservation`  (`TRAIN_NO`,`TRAIN_NAME`,`DEPT_DATE`,`UP_STATION`,`DOWN_STATION`,`CLASS`,`FARE`,`SEATS`,`STATUS`) VALUES (12314,'SEALDAH RAJDHANI','2022-02-21','NEW DELHI','PURI','1A',4760,111,'WL');
INSERT INTO `train_1a_reservation`  (`TRAIN_NO`,`TRAIN_NAME`,`DEPT_DATE`,`UP_STATION`,`DOWN_STATION`,`CLASS`,`FARE`,`SEATS`,`STATUS`) VALUES (12345,'SARAIGHAT EXP','2022-02-20','PURI','PURI','1A',2960,3,'WL');
INSERT INTO `train_1a_reservation`  (`TRAIN_NO`,`TRAIN_NAME`,`DEPT_DATE`,`UP_STATION`,`DOWN_STATION`,`CLASS`,`FARE`,`SEATS`,`STATUS`) VALUES (12346,'SARAIGHAT EXP','2022-02-20','PURI','PURI','1A',2960,3,'WL');
INSERT INTO `train_1a_reservation`  (`TRAIN_NO`,`TRAIN_NAME`,`DEPT_DATE`,`UP_STATION`,`DOWN_STATION`,`CLASS`,`FARE`,`SEATS`,`STATUS`) VALUES (12423,'DBRG RAJDHANI','2022-02-21','PURI','NEW DELHI','1A',5960,2,'WL');
INSERT INTO `train_1a_reservation`  (`TRAIN_NO`,`TRAIN_NAME`,`DEPT_DATE`,`UP_STATION`,`DOWN_STATION`,`CLASS`,`FARE`,`SEATS`,`STATUS`) VALUES (12424,'DBRG RAJDHANI','2022-02-20','NEW DELHI','PURI','1A',6000,0,'NA');
INSERT INTO `train_1a_reservation`  (`TRAIN_NO`,`TRAIN_NAME`,`DEPT_DATE`,`UP_STATION`,`DOWN_STATION`,`CLASS`,`FARE`,`SEATS`,`STATUS`) VALUES (12424,'DBRG RAJDHANI','2022-02-21','NEW DELHI','PURI','1A',6000,15,'WL');
